#include "level2_1_map.h"

const u16 lvl21Map[80 * 320] = {
    0x0000,0x0000,0x0000,0x0000,0x0000,0x0000,0x0000,0x0000,0x0000,0x0000,0x0000,0x0000,0x0000,0x0000,0x0000,0x0000,
    0x0000,0x0000,0x0000,0x0000,0x0000,0x0000,0x0000,0x0000,0x0000,0x0000,0x0000,0x0000,0x0000,0x0000,0x0000,0x0000,
    0x0000,0x0000,0x0000,0x0000,0x0000,0x0000,0x0000,0x0000,0x0000,0x0000,0x0000,0x0000,0x0000,0x0000,0x0000,0x0000,
    0x0000,0x0000,0x0000,0x0000,0x0000,0x0000,0x0000,0x0000,0x0000,0x0000,0x0000,0x0000,0x0000,0x0000,0x0000,0x0000,
    0x0000,0x0000,0x0000,0x0000,0x0000,0x0000,0x0000,0x0000,0x0000,0x0000,0x0000,0x0000,0x0000,0x0000,0x0000,0x0000,
    0x0000,0x0000,0x0000,0x0000,0x0000,0x0000,0x0000,0x0000,0x0000,0x0000,0x0000,0x0000,0x0000,0x0000,0x0000,0x0000,
    0x0000,0x0000,0x0000,0x0000,0x0000,0x0000,0x0000,0x0000,0x0000,0x0000,0x0000,0x0000,0x0000,0x0000,0x0000,0x0000,
    0x0000,0x0000,0x0000,0x0000,0x0000,0x0000,0x0000,0x0000,0x0000,0x0000,0x0000,0x0000,0x0000,0x0000,0x0000,0x0000,
    0x0000,0x0000,0x0000,0x0000,0x0000,0x0000,0x0000,0x0000,0x0000,0x0000,0x0000,0x0000,0x0000,0x0000,0x0000,0x0000,
    0x0000,0x0000,0x0000,0x0000,0x0000,0x0000,0x0000,0x0000,0x0000,0x0000,0x0000,0x0000,0x0000,0x0000,0x0000,0x0000,
    0x0000,0x0000,0x0000,0x0000,0x0000,0x0000,0x0000,0x0000,0x0000,0x0000,0x0000,0x0000,0x0000,0x0000,0x0000,0x0000,
    0x0000,0x0000,0x0000,0x0000,0x0000,0x0000,0x0000,0x0000,0x0000,0x0000,0x0000,0x0000,0x0000,0x0000,0x0000,0x0000,
    0x0000,0x0000,0x0000,0x0000,0x0000,0x0000,0x0000,0x0000,0x0000,0x0000,0x0000,0x0000,0x0000,0x0000,0x0000,0x0000,
    0x0000,0x0000,0x0000,0x0000,0x0000,0x0000,0x0000,0x0000,0x0000,0x0000,0x0000,0x0000,0x0000,0x0000,0x0000,0x0000,
    0x0000,0x0000,0x0000,0x0000,0x0000,0x0000,0x0000,0x0000,0x0000,0x0000,0x0000,0x0000,0x0000,0x0000,0x0000,0x0000,
    0x0000,0x0000,0x0000,0x0000,0x0000,0x0000,0x0000,0x0000,0x0000,0x0000,0x0000,0x0000,0x0000,0x0000,0x0000,0x0000,
    0x0000,0x0000,0x0000,0x0000,0x0000,0x0000,0x0000,0x0000,0x0000,0x0000,0x0000,0x0000,0x0000,0x0000,0x0000,0x0000,
    0x0000,0x0000,0x0000,0x0000,0x0000,0x0000,0x0000,0x0000,0x0000,0x0000,0x0000,0x0000,0x0000,0x0000,0x0000,0x0000,
    0x0000,0x0000,0x0000,0x0000,0x0000,0x0000,0x0000,0x0000,0x0000,0x0000,0x0000,0x0000,0x0000,0x0000,0x0000,0x0000,
    0x0000,0x0000,0x0000,0x0000,0x0000,0x0000,0x0000,0x0000,0x0000,0x0000,0x0000,0x0000,0x0000,0x0000,0x0000,0x0000,
    0x0000,0x0000,0x0000,0x0000,0x0000,0x0000,0x0000,0x0000,0x0000,0x0000,0x0000,0x0000,0x0000,0x0000,0x0000,0x0000,
    0x0000,0x0000,0x0000,0x0000,0x0000,0x0000,0x0000,0x0000,0x0000,0x0000,0x0000,0x0000,0x0000,0x0000,0x0000,0x0000,
    0x0000,0x0000,0x0000,0x0000,0x0000,0x0000,0x0000,0x0000,0x0000,0x0000,0x0000,0x0000,0x0000,0x0000,0x0000,0x0000,
    0x0000,0x0000,0x0000,0x0000,0x0000,0x0000,0x0000,0x0000,0x0000,0x0000,0x0000,0x0000,0x0000,0x0000,0x0000,0x0000,
    0x0000,0x0000,0x0000,0x0000,0x0000,0x0000,0x0000,0x0000,0x0000,0x0000,0x0000,0x0000,0x0000,0x0000,0x0000,0x0000,
    0x0000,0x0000,0x0000,0x0000,0x0000,0x0000,0x0000,0x0000,0x0000,0x0000,0x0000,0x0000,0x0000,0x0000,0x0000,0x0000,
    0x0000,0x0000,0x0000,0x0000,0x0000,0x0000,0x0000,0x0000,0x0000,0x0000,0x0000,0x0000,0x0000,0x0000,0x0000,0x0000,
    0x0000,0x0000,0x0000,0x0000,0x0000,0x0000,0x0000,0x0000,0x0000,0x0000,0x0000,0x0000,0x0000,0x0000,0x0000,0x0000,
    0x0000,0x0000,0x0000,0x0000,0x0000,0x0000,0x0000,0x0000,0x0000,0x0000,0x0000,0x0000,0x0000,0x0000,0x0000,0x0000,
    0x0000,0x0000,0x0000,0x0000,0x0000,0x0000,0x0000,0x0000,0x0000,0x0000,0x0000,0x0000,0x0000,0x0000,0x0000,0x0000,
    0x0000,0x0000,0x0000,0x0000,0x0000,0x0000,0x0000,0x0000,0x0000,0x0000,0x0000,0x0000,0x0000,0x0000,0x0000,0x0000,
    0x0000,0x0000,0x0000,0x0000,0x0000,0x0000,0x0000,0x0000,0x0000,0x0000,0x0000,0x0000,0x0000,0x0000,0x0000,0x0000,
    0x0000,0x0000,0x0000,0x0000,0x0000,0x0000,0x0000,0x0000,0x0000,0x0000,0x0000,0x0000,0x0000,0x0000,0x0000,0x0000,
    0x0000,0x0000,0x0000,0x0000,0x0000,0x0000,0x0000,0x0000,0x0000,0x0000,0x0000,0x0000,0x0000,0x0000,0x0000,0x0000,
    0x0000,0x0000,0x0000,0x0000,0x0000,0x0000,0x0000,0x0000,0x0000,0x0000,0x0000,0x0000,0x0000,0x0000,0x0000,0x0000,
    0x0000,0x0000,0x0000,0x0000,0x0000,0x0000,0x0000,0x0000,0x0000,0x0000,0x0000,0x0000,0x0000,0x0000,0x0000,0x0000,
    0x0000,0x0000,0x0000,0x0000,0x0000,0x0000,0x0000,0x0000,0x0000,0x0000,0x0000,0x0000,0x0000,0x0000,0x0000,0x0000,
    0x0000,0x0000,0x0000,0x0000,0x0000,0x0000,0x0000,0x0000,0x0000,0x0000,0x0000,0x0000,0x0000,0x0000,0x0000,0x0000,
    0x0000,0x0000,0x0000,0x0000,0x0000,0x0000,0x0000,0x0000,0x0000,0x0000,0x0000,0x0000,0x0000,0x0000,0x0000,0x0000,
    0x0000,0x0000,0x0000,0x0000,0x0000,0x0000,0x0000,0x0000,0x0000,0x0000,0x0000,0x0000,0x0000,0x0000,0x0000,0x0000,
    0x0000,0x0000,0x0000,0x0000,0x0000,0x0000,0x0000,0x0000,0x0000,0x0000,0x0000,0x0000,0x0000,0x0000,0x0000,0x0000,
    0x0000,0x0000,0x0000,0x0000,0x0000,0x0000,0x0000,0x0000,0x0000,0x0000,0x0000,0x0000,0x0000,0x0000,0x0000,0x0000,
    0x0000,0x0000,0x0000,0x0000,0x0000,0x0000,0x0000,0x0000,0x0000,0x0000,0x0000,0x0000,0x0000,0x0000,0x0000,0x0000,
    0x0000,0x0000,0x0000,0x0000,0x0000,0x0000,0x0000,0x0000,0x0000,0x0000,0x0000,0x0000,0x0000,0x0000,0x0000,0x0000,
    0x0000,0x0000,0x0000,0x0000,0x0000,0x0000,0x0000,0x0000,0x0000,0x0000,0x0000,0x0000,0x0000,0x0000,0x0000,0x0000,
    0x0000,0x0000,0x0000,0x0000,0x0000,0x0000,0x0000,0x0000,0x0000,0x0000,0x0000,0x0000,0x0000,0x0000,0x0000,0x0000,
    0x0000,0x0000,0x0000,0x0000,0x0000,0x0000,0x0000,0x0000,0x0000,0x0000,0x0000,0x0000,0x0000,0x0000,0x0000,0x0000,
    0x0000,0x0000,0x0000,0x0000,0x0000,0x0000,0x0000,0x0000,0x0000,0x0000,0x0000,0x0000,0x0000,0x0000,0x0000,0x0000,
    0x0000,0x0000,0x0000,0x0000,0x0000,0x0000,0x0000,0x0000,0x0000,0x0000,0x0000,0x0000,0x0000,0x0000,0x0000,0x0000,
    0x0000,0x0000,0x0000,0x0000,0x0000,0x0000,0x0000,0x0000,0x0000,0x0000,0x0000,0x0000,0x0000,0x0000,0x0000,0x0000,
    0x0000,0x0000,0x0000,0x0000,0x0000,0x0000,0x0000,0x0000,0x0000,0x0000,0x0000,0x0000,0x0000,0x0000,0x0000,0x0000,
    0x0000,0x0000,0x0000,0x0000,0x0000,0x0000,0x0000,0x0000,0x0000,0x0000,0x0000,0x0000,0x0000,0x0000,0x0000,0x0000,
    0x0000,0x0000,0x0000,0x0000,0x0000,0x0000,0x0000,0x0000,0x0000,0x0000,0x0000,0x0000,0x0000,0x0000,0x0000,0x0000,
    0x0000,0x0000,0x0000,0x0000,0x0000,0x0000,0x0000,0x0000,0x0000,0x0000,0x0000,0x0000,0x0000,0x0000,0x0000,0x0000,
    0x0000,0x0000,0x0000,0x0000,0x0000,0x0000,0x0000,0x0000,0x0000,0x0000,0x0000,0x0000,0x0000,0x0000,0x0000,0x0000,
    0x0000,0x0000,0x0000,0x0000,0x0000,0x0000,0x0000,0x0000,0x0000,0x0000,0x0000,0x0000,0x0000,0x0000,0x0000,0x0000,
    0x0000,0x0000,0x0000,0x0000,0x0000,0x0000,0x0000,0x0000,0x0000,0x0000,0x0000,0x0000,0x0000,0x0000,0x0000,0x0000,
    0x0000,0x0000,0x0000,0x0000,0x0000,0x0000,0x0000,0x0000,0x0000,0x0000,0x0000,0x0000,0x0000,0x0000,0x0000,0x0000,
    0x0000,0x0000,0x0000,0x0000,0x0000,0x0000,0x0000,0x0000,0x0000,0x0000,0x0000,0x0000,0x0000,0x0000,0x0000,0x0000,
    0x0000,0x0000,0x0000,0x0000,0x0000,0x0000,0x0000,0x0000,0x0000,0x0000,0x0000,0x0000,0x0000,0x0000,0x0000,0x0000,
    0x8000,0x8000,0x8000,0x8000,0x8001,0x8002,0x8001,0x8002,0x8001,0x8002,0x8001,0x8002,0x8001,0x8002,0x8001,0x8002,
    0x8001,0x8002,0x8001,0x8002,0x8003,0x8004,0x8005,0x8006,0x8007,0x8008,0x8009,0x800A,0x8001,0x8002,0x8001,0x8002,
    0x8001,0x8002,0x8001,0x8002,0x800B,0x800C,0x800D,0x800E,0x800F,0x80AD,0x80B8,0x80C1,0x800D,0x80D0,0x80D4,0x80D6,
    0x80D9,0x80DC,0x80E1,0x80E7,0x80F0,0x80F5,0x80F7,0x80F9,0x80FC,0x8105,0x8111,0x8105,0x8111,0x8105,0x8111,0x8105,
    0x8111,0x8105,0x8111,0x8200,0x8215,0x8200,0x8230,0x8235,0x8236,0x8240,0x8240,0x8240,0x8240,0x8240,0x8240,0x8240,
    0x8240,0x8240,0x8240,0x8290,0x8231,0x822C,0x821A,0x821A,0x821A,0x821A,0x821A,0x821A,0x821A,0x8400,0x8400,0x8400,
    0x8425,0x8431,0x843A,0x8443,0x8449,0x8452,0x845B,0x8464,0x846B,0x8471,0x8471,0x8471,0x8471,0x8498,0x849B,0x849E,
    0x849B,0x849E,0x849B,0x849E,0x849B,0x849E,0x849B,0x8600,0x8610,0x861D,0x8626,0x8600,0x8626,0x8632,0x8638,0x863F,
    0x8648,0x8650,0x8657,0x865E,0x8665,0x866D,0x8603,0x8680,0x868C,0x8698,0x86A4,0x86AE,0x86B9,0x8603,0x8606,0x8680,
    0x868C,0x8800,0x8818,0x8828,0x8836,0x8840,0x8844,0x884F,0x8859,0x8800,0x8818,0x8828,0x8836,0x8840,0x8844,0x884F,
    0x8859,0x8800,0x8818,0x8828,0x8836,0x8840,0x8844,0x884F,0x8859,0x8800,0x8818,0x8A00,0x8A16,0x8A25,0x8A30,0x8A3B,
    0x8A45,0x8A45,0x8A60,0x8A25,0x8A30,0x8A3B,0x8A81,0x8A89,0x8A94,0x8AA0,0x8AA9,0x8A00,0x8A16,0x8AB3,0x8A83,0x8A89,
    0x8A94,0x8AA0,0x8AA9,0x8A00,0x8A16,0x8C00,0x8C02,0x8C2A,0x8C40,0x8C57,0x8C6E,0x8C7E,0x8C8E,0x8C9E,0x8C70,0x8CC1,
    0x0000,0x0000,0x0000,0x0000,0x0000,0x0000,0x0000,0x0000,0x0000,0x0000,0x0000,0x0000,0x0000,0x0000,0x0000,0x0000,
    0x0000,0x0000,0x0000,0x0000,0x0000,0x0000,0x0000,0x0000,0x0000,0x0000,0x0000,0x0000,0x0000,0x0000,0x0000,0x0000,
    0x0000,0x0000,0x0000,0x0000,0x0000,0x0000,0x0000,0x0000,0x0000,0x0000,0x0000,0x0000,0x0000,0x0000,0x0000,0x0000,
    0x0000,0x0000,0x0000,0x0000,0x0000,0x0000,0x0000,0x0000,0x0000,0x0000,0x0000,0x0000,0x0000,0x0000,0x0000,0x0000,
    0x0000,0x0000,0x0000,0x0000,0x0000,0x0000,0x0000,0x0000,0x0000,0x0000,0x0000,0x0000,0x0000,0x0000,0x0000,0x0000,
    0x0000,0x0000,0x0000,0x0000,0x0000,0x0000,0x0000,0x0000,0x0000,0x0000,0x0000,0x0000,0x0000,0x0000,0x0000,0x0000,
    0x0000,0x0000,0x0000,0x0000,0x0000,0x0000,0x0000,0x0000,0x0000,0x0000,0x0000,0x0000,0x0000,0x0000,0x0000,0x0000,
    0x8010,0x8010,0x8010,0x8011,0x8001,0x8012,0x8013,0x8014,0x8014,0x8014,0x8015,0x8002,0x8001,0x8012,0x8013,0x8014,
    0x8014,0x8014,0x8015,0x8002,0x8001,0x8016,0x8017,0x8006,0x8007,0x8018,0x8019,0x8002,0x8001,0x8012,0x8013,0x8014,
    0x8014,0x8014,0x8015,0x8002,0x800B,0x800C,0x801A,0x801B,0x801C,0x80AE,0x80B9,0x80C2,0x800D,0x80D1,0x80D5,0x80D7,
    0x80DA,0x80DD,0x800D,0x80E7,0x80F1,0x80F6,0x80F7,0x80FA,0x80FD,0x8106,0x8106,0x811A,0x8106,0x8106,0x8106,0x8106,
    0x8106,0x8106,0x8106,0x8201,0x8201,0x8201,0x8201,0x8201,0x8237,0x8241,0x824B,0x8252,0x8259,0x825D,0x8262,0x8267,
    0x826D,0x826D,0x826D,0x8291,0x8231,0x822C,0x821A,0x821A,0x821A,0x821A,0x821A,0x821A,0x821A,0x8400,0x8400,0x8400,
    0x8426,0x8432,0x843B,0x8444,0x844A,0x8453,0x845B,0x8464,0x846B,0x8472,0x8471,0x8471,0x8471,0x8499,0x849B,0x849E,
    0x849B,0x849E,0x849B,0x849E,0x849B,0x849E,0x849B,0x8600,0x8611,0x861E,0x8626,0x8600,0x8626,0x8633,0x8639,0x8640,
    0x8649,0x8650,0x8658,0x865E,0x8665,0x866E,0x8602,0x8681,0x868D,0x8699,0x86A5,0x86AF,0x86BA,0x8602,0x8612,0x86C8,
    0x868D,0x8801,0x8819,0x8829,0x8837,0x8841,0x8849,0x8850,0x885A,0x8801,0x8819,0x8829,0x8837,0x8841,0x8849,0x8850,
    0x885A,0x8801,0x8819,0x8829,0x8837,0x8841,0x8849,0x8850,0x885A,0x8801,0x8819,0x8A01,0x8A17,0x8A25,0x8A30,0x8A3B,
    0x8A45,0x8A45,0x8A60,0x8A25,0x8A30,0x8A3B,0x8A82,0x8A8A,0x8A95,0x8AA1,0x8AAA,0x8A01,0x8A17,0x8AB4,0x8ABA,0x8A8F,
    0x8A95,0x8AA1,0x8AAA,0x8A01,0x8A17,0x8C01,0x8C08,0x8C2B,0x8C41,0x8C58,0x8C57,0x8C7F,0x8C8F,0x8C9F,0x8C71,0x8CC2,
    0x0000,0x0000,0x0000,0x0000,0x0000,0x0000,0x0000,0x0000,0x0000,0x0000,0x0000,0x0000,0x0000,0x0000,0x0000,0x0000,
    0x0000,0x0000,0x0000,0x0000,0x0000,0x0000,0x0000,0x0000,0x0000,0x0000,0x0000,0x0000,0x0000,0x0000,0x0000,0x0000,
    0x0000,0x0000,0x0000,0x0000,0x0000,0x0000,0x0000,0x0000,0x0000,0x0000,0x0000,0x0000,0x0000,0x0000,0x0000,0x0000,
    0x0000,0x0000,0x0000,0x0000,0x0000,0x0000,0x0000,0x0000,0x0000,0x0000,0x0000,0x0000,0x0000,0x0000,0x0000,0x0000,
    0x0000,0x0000,0x0000,0x0000,0x0000,0x0000,0x0000,0x0000,0x0000,0x0000,0x0000,0x0000,0x0000,0x0000,0x0000,0x0000,
    0x0000,0x0000,0x0000,0x0000,0x0000,0x0000,0x0000,0x0000,0x0000,0x0000,0x0000,0x0000,0x0000,0x0000,0x0000,0x0000,
    0x0000,0x0000,0x0000,0x0000,0x0000,0x0000,0x0000,0x0000,0x0000,0x0000,0x0000,0x0000,0x0000,0x0000,0x0000,0x0000,
    0x8010,0x8010,0x8010,0x8010,0x8003,0x801D,0x801E,0x801F,0x8020,0x8021,0x8022,0x800A,0x8003,0x801D,0x801E,0x801F,
    0x8020,0x8021,0x8022,0x800A,0x8003,0x8004,0x8023,0x8006,0x8007,0x8008,0x8009,0x800A,0x8003,0x801D,0x801E,0x801F,
    0x8020,0x8021,0x8022,0x800A,0x800B,0x800C,0x800D,0x800D,0x800D,0x800D,0x800D,0x800D,0x800D,0x800D,0x800D,0x800D,
    0x800D,0x800D,0x800D,0x80E7,0x80F0,0x80F5,0x80F7,0x80F9,0x80FE,0x8107,0x8112,0x8107,0x8112,0x8107,0x8112,0x8107,
    0x8112,0x8107,0x8112,0x8202,0x8216,0x8202,0x8216,0x8202,0x8238,0x8242,0x824C,0x824D,0x8253,0x821A,0x8263,0x8268,
    0x826E,0x8279,0x8284,0x8291,0x8231,0x822C,0x821A,0x821A,0x821A,0x821A,0x821A,0x821A,0x821A,0x8400,0x8400,0x8400,
    0x8427,0x8433,0x843C,0x8443,0x8449,0x8452,0x845B,0x8464,0x846B,0x8473,0x847B,0x8471,0x8471,0x8499,0x849B,0x849E,
    0x84A1,0x84A1,0x84A1,0x84A1,0x84A1,0x84A1,0x84A1,0x8601,0x8601,0x8601,0x8601,0x8601,0x8601,0x8601,0x8601,0x8641,
    0x864A,0x8650,0x8657,0x865E,0x8665,0x866D,0x8603,0x8681,0x868E,0x869A,0x869A,0x86B0,0x86BB,0x8603,0x8606,0x8687,
    0x868E,0x8802,0x8802,0x882A,0x8838,0x8840,0x8844,0x8851,0x885B,0x8802,0x8802,0x882A,0x8838,0x8840,0x8844,0x8851,
    0x885B,0x8802,0x8802,0x882A,0x8838,0x8840,0x8844,0x8851,0x885B,0x8802,0x8802,0x8A02,0x8A17,0x8A25,0x8A30,0x8A3B,
    0x8A45,0x8A45,0x8A60,0x8A25,0x8A30,0x8A3B,0x8A83,0x8A8A,0x8A96,0x8AA2,0x8AA2,0x8A02,0x8AB1,0x8AB3,0x8A83,0x8ABD,
    0x8A96,0x8AA2,0x8AA2,0x8A02,0x8A17,0x8C00,0x8C02,0x8C2C,0x8C42,0x8C59,0x8C58,0x8C80,0x8C90,0x8CA0,0x8C72,0x8CC3,
    0x0000,0x0000,0x0000,0x0000,0x0000,0x0000,0x0000,0x0000,0x0000,0x0000,0x0000,0x0000,0x0000,0x0000,0x0000,0x0000,
    0x0000,0x0000,0x0000,0x0000,0x0000,0x0000,0x0000,0x0000,0x0000,0x0000,0x0000,0x0000,0x0000,0x0000,0x0000,0x0000,
    0x0000,0x0000,0x0000,0x0000,0x0000,0x0000,0x0000,0x0000,0x0000,0x0000,0x0000,0x0000,0x0000,0x0000,0x0000,0x0000,
    0x0000,0x0000,0x0000,0x0000,0x0000,0x0000,0x0000,0x0000,0x0000,0x0000,0x0000,0x0000,0x0000,0x0000,0x0000,0x0000,
    0x0000,0x0000,0x0000,0x0000,0x0000,0x0000,0x0000,0x0000,0x0000,0x0000,0x0000,0x0000,0x0000,0x0000,0x0000,0x0000,
    0x0000,0x0000,0x0000,0x0000,0x0000,0x0000,0x0000,0x0000,0x0000,0x0000,0x0000,0x0000,0x0000,0x0000,0x0000,0x0000,
    0x0000,0x0000,0x0000,0x0000,0x0000,0x0000,0x0000,0x0000,0x0000,0x0000,0x0000,0x0000,0x0000,0x0000,0x0000,0x0000,
    0x8010,0x8010,0x8010,0x8010,0x8001,0x8024,0x8025,0x8026,0x8027,0x8028,0x8029,0x8002,0x8001,0x8024,0x8025,0x8026,
    0x8027,0x8028,0x8029,0x8002,0x8001,0x8016,0x8017,0x8006,0x8007,0x8018,0x8019,0x8002,0x8001,0x8024,0x8025,0x8026,
    0x8027,0x8028,0x8029,0x8002,0x802A,0x802B,0x802C,0x802C,0x802C,0x80AF,0x802C,0x802C,0x802C,0x802C,0x802C,0x80AF,
    0x802C,0x802C,0x80E2,0x80E8,0x80F1,0x80F6,0x80F7,0x80FA,0x80FF,0x8108,0x8113,0x811B,0x8113,0x8129,0x812C,0x8113,
    0x8129,0x8113,0x812C,0x8203,0x8217,0x8227,0x8231,0x822C,0x8238,0x8242,0x824D,0x8253,0x821A,0x821A,0x8263,0x8268,
    0x826F,0x827A,0x8285,0x8291,0x8231,0x822C,0x821A,0x821A,0x821A,0x821A,0x821A,0x821A,0x821A,0x8400,0x8400,0x8400,
    0x8426,0x8432,0x843B,0x8444,0x844A,0x8453,0x845B,0x8464,0x846B,0x8474,0x847C,0x8487,0x8493,0x8499,0x849B,0x849E,
    0x84A2,0x84A7,0x84A2,0x84A7,0x84A2,0x84A7,0x84A2,0x8602,0x8612,0x8602,0x8612,0x8602,0x8612,0x8634,0x863A,0x8642,
    0x864B,0x8650,0x8658,0x865E,0x8665,0x866E,0x8602,0x8681,0x868F,0x869B,0x86A6,0x86B1,0x86BA,0x8602,0x8612,0x86C8,
    0x868F,0x8803,0x881A,0x882B,0x8837,0x8841,0x8849,0x8850,0x885C,0x8803,0x881A,0x882B,0x8837,0x8841,0x8849,0x8850,
    0x885C,0x8803,0x881A,0x882B,0x8837,0x8841,0x8849,0x8850,0x885C,0x8803,0x881A,0x8A03,0x8A17,0x8A25,0x8A30,0x8A3B,
    0x8A45,0x8A45,0x8A60,0x8A25,0x8A30,0x8A3B,0x8A82,0x8A8A,0x8A97,0x8AA3,0x8AAB,0x8A03,0x8A17,0x8AB4,0x8ABA,0x8A8F,
    0x8A97,0x8AA3,0x8AAB,0x8A03,0x8A17,0x8C01,0x8C08,0x8C2C,0x8C43,0x8C42,0x8C59,0x8C58,0x8C91,0x8CA1,0x8C73,0x8CC4,
    0x0000,0x0000,0x0000,0x0000,0x0000,0x0000,0x0000,0x0000,0x0000,0x0000,0x0000,0x0000,0x0000,0x0000,0x0000,0x0000,
    0x0000,0x0000,0x0000,0x0000,0x0000,0x0000,0x0000,0x0000,0x0000,0x0000,0x0000,0x0000,0x0000,0x0000,0x0000,0x0000,
    0x0000,0x0000,0x0000,0x0000,0x0000,0x0000,0x0000,0x0000,0x0000,0x0000,0x0000,0x0000,0x0000,0x0000,0x0000,0x0000,
    0x0000,0x0000,0x0000,0x0000,0x0000,0x0000,0x0000,0x0000,0x0000,0x0000,0x0000,0x0000,0x0000,0x0000,0x0000,0x0000,
    0x0000,0x0000,0x0000,0x0000,0x0000,0x0000,0x0000,0x0000,0x0000,0x0000,0x0000,0x0000,0x0000,0x0000,0x0000,0x0000,
    0x0000,0x0000,0x0000,0x0000,0x0000,0x0000,0x0000,0x0000,0x0000,0x0000,0x0000,0x0000,0x0000,0x0000,0x0000,0x0000,
    0x0000,0x0000,0x0000,0x0000,0x0000,0x0000,0x0000,0x0000,0x0000,0x0000,0x0000,0x0000,0x0000,0x0000,0x0000,0x0000,
    0x8000,0x8000,0x8000,0x8000,0x8003,0x802D,0x802E,0x802F,0x8030,0x8031,0x8032,0x800A,0x8003,0x802D,0x802E,0x802F,
    0x8030,0x8031,0x8032,0x800A,0x8003,0x8004,0x8023,0x8033,0x8007,0x8008,0x8009,0x800A,0x8003,0x802D,0x802E,0x802F,
    0x8030,0x8031,0x8032,0x800A,0x8034,0x8035,0x8036,0x8036,0x8037,0x80B0,0x8036,0x8036,0x8036,0x8036,0x8037,0x80B0,
    0x8036,0x8036,0x80E3,0x80E9,0x80F0,0x80F5,0x80F7,0x80F9,0x8100,0x800D,0x800D,0x811C,0x8125,0x812A,0x812D,0x812F,
    0x8131,0x8133,0x800D,0x8204,0x8218,0x8228,0x8231,0x822C,0x8238,0x8242,0x824E,0x8254,0x825A,0x825E,0x8263,0x8268,
    0x8270,0x827B,0x8286,0x8291,0x8231,0x822C,0x821A,0x821A,0x821A,0x821A,0x821A,0x821A,0x821A,0x8400,0x8400,0x8400,
    0x8425,0x8431,0x843C,0x8443,0x8449,0x8452,0x845B,0x8464,0x846B,0x8474,0x847D,0x8488,0x8494,0x8499,0x849B,0x849E,
    0x84A3,0x84A4,0x84A3,0x84A4,0x84A3,0x84A4,0x84A3,0x8603,0x8606,0x8603,0x8606,0x8603,0x8606,0x8634,0x863B,0x8643,
    0x864B,0x8650,0x8657,0x865E,0x8665,0x866D,0x8603,0x8681,0x8690,0x869C,0x86A7,0x86B2,0x86BB,0x8603,0x8606,0x8687,
    0x8690,0x8804,0x881B,0x882C,0x8838,0x8840,0x8844,0x8851,0x885D,0x8804,0x881B,0x882C,0x8838,0x8840,0x8844,0x8851,
    0x885D,0x8804,0x881B,0x882C,0x8838,0x8840,0x8844,0x8851,0x885D,0x8804,0x881B,0x8A04,0x8A17,0x8A25,0x8A30,0x8A3B,
    0x8A45,0x8A45,0x8A60,0x8A25,0x8A30,0x8A3B,0x8A83,0x8A8A,0x8A98,0x8AA4,0x8AAC,0x8A04,0x8AB1,0x8AB3,0x8A83,0x8ABD,
    0x8A98,0x8AA4,0x8AAC,0x8A04,0x8A17,0x8C00,0x8C02,0x8C2C,0x8C44,0x8C5A,0x8C42,0x8C59,0x8C58,0x8CA2,0x8C6E,0x8CC2,
    0x0000,0x0000,0x0000,0x0000,0x0000,0x0000,0x0000,0x0000,0x0000,0x0000,0x0000,0x0000,0x0000,0x0000,0x0000,0x0000,
    0x0000,0x0000,0x0000,0x0000,0x0000,0x0000,0x0000,0x0000,0x0000,0x0000,0x0000,0x0000,0x0000,0x0000,0x0000,0x0000,
    0x0000,0x0000,0x0000,0x0000,0x0000,0x0000,0x0000,0x0000,0x0000,0x0000,0x0000,0x0000,0x0000,0x0000,0x0000,0x0000,
    0x0000,0x0000,0x0000,0x0000,0x0000,0x0000,0x0000,0x0000,0x0000,0x0000,0x0000,0x0000,0x0000,0x0000,0x0000,0x0000,
    0x0000,0x0000,0x0000,0x0000,0x0000,0x0000,0x0000,0x0000,0x0000,0x0000,0x0000,0x0000,0x0000,0x0000,0x0000,0x0000,
    0x0000,0x0000,0x0000,0x0000,0x0000,0x0000,0x0000,0x0000,0x0000,0x0000,0x0000,0x0000,0x0000,0x0000,0x0000,0x0000,
    0x0000,0x0000,0x0000,0x0000,0x0000,0x0000,0x0000,0x0000,0x0000,0x0000,0x0000,0x0000,0x0000,0x0000,0x0000,0x0000,
    0x8010,0x8010,0x8010,0x8011,0x8001,0x8024,0x8038,0x8039,0x803A,0x803B,0x8029,0x8002,0x8001,0x8024,0x8038,0x8039,
    0x803A,0x803B,0x8029,0x8002,0x8001,0x8016,0x8017,0x8006,0x8007,0x8018,0x8019,0x8002,0x8001,0x8024,0x8038,0x8039,
    0x803A,0x803B,0x8029,0x8002,0x800B,0x803C,0x803D,0x803D,0x803D,0x803D,0x803D,0x803D,0x803D,0x803D,0x803D,0x803D,
    0x803D,0x803D,0x803D,0x80EA,0x80F1,0x80F6,0x80F7,0x80FA,0x8101,0x8109,0x8114,0x811D,0x8126,0x8126,0x8126,0x8126,
    0x8126,0x8126,0x8136,0x8205,0x8219,0x8229,0x8231,0x822C,0x8238,0x8242,0x824F,0x8255,0x825B,0x825F,0x8263,0x8268,
    0x8271,0x827C,0x8287,0x8291,0x8231,0x822C,0x8296,0x829B,0x82A1,0x82A7,0x82A7,0x82AF,0x821A,0x8400,0x8400,0x8400,
    0x8426,0x8432,0x843B,0x8444,0x844B,0x8454,0x845C,0x8465,0x846B,0x8474,0x847E,0x8489,0x8495,0x8499,0x849B,0x849E,
    0x84A2,0x84A7,0x84A2,0x84A7,0x84A2,0x84A7,0x84A2,0x8602,0x8612,0x8602,0x8612,0x8602,0x8612,0x8634,0x863A,0x8642,
    0x864B,0x8650,0x8658,0x865E,0x8665,0x866E,0x8602,0x8681,0x8691,0x869D,0x86A8,0x86B3,0x86BA,0x8602,0x8612,0x8681,
    0x8691,0x8805,0x881C,0x882D,0x8837,0x8841,0x8849,0x8852,0x885E,0x8805,0x881C,0x882D,0x8837,0x8841,0x8849,0x8852,
    0x885E,0x8805,0x881C,0x882D,0x8837,0x8841,0x8849,0x8852,0x885E,0x8805,0x881C,0x8A05,0x8A18,0x8A26,0x8A30,0x8A3B,
    0x8A46,0x8A46,0x8A61,0x8A6B,0x8A30,0x8A3B,0x8A83,0x8A8B,0x8A99,0x8AA5,0x8AAD,0x8A05,0x8A17,0x8AB4,0x8ABA,0x8A8B,
    0x8A99,0x8AA5,0x8AAD,0x8A05,0x8A17,0x8C02,0x8C08,0x8C2C,0x8C44,0x8C5B,0x8C5A,0x8C42,0x8C59,0x8CA3,0x8C57,0x8CC5,
    0x0000,0x0000,0x0000,0x0000,0x0000,0x0000,0x0000,0x0000,0x0000,0x0000,0x0000,0x0000,0x0000,0x0000,0x0000,0x0000,
    0x0000,0x0000,0x0000,0x0000,0x0000,0x0000,0x0000,0x0000,0x0000,0x0000,0x0000,0x0000,0x0000,0x0000,0x0000,0x0000,
    0x0000,0x0000,0x0000,0x0000,0x0000,0x0000,0x0000,0x0000,0x0000,0x0000,0x0000,0x0000,0x0000,0x0000,0x0000,0x0000,
    0x0000,0x0000,0x0000,0x0000,0x0000,0x0000,0x0000,0x0000,0x0000,0x0000,0x0000,0x0000,0x0000,0x0000,0x0000,0x0000,
    0x0000,0x0000,0x0000,0x0000,0x0000,0x0000,0x0000,0x0000,0x0000,0x0000,0x0000,0x0000,0x0000,0x0000,0x0000,0x0000,
    0x0000,0x0000,0x0000,0x0000,0x0000,0x0000,0x0000,0x0000,0x0000,0x0000,0x0000,0x0000,0x0000,0x0000,0x0000,0x0000,
    0x0000,0x0000,0x0000,0x0000,0x0000,0x0000,0x0000,0x0000,0x0000,0x0000,0x0000,0x0000,0x0000,0x0000,0x0000,0x0000,
    0x8010,0x8010,0x8010,0x8010,0x8003,0x802D,0x803E,0x803F,0x8040,0x8041,0x8032,0x800A,0x8003,0x802D,0x803E,0x803F,
    0x8040,0x8041,0x8032,0x800A,0x8003,0x8004,0x8023,0x8006,0x8007,0x8008,0x8009,0x800A,0x8003,0x802D,0x803E,0x803F,
    0x8040,0x8041,0x8032,0x800A,0x8042,0x8043,0x8043,0x8044,0x8045,0x80B1,0x80BA,0x80C3,0x80C9,0x80D2,0x80D2,0x80D2,
    0x80D2,0x80D2,0x80E4,0x80EB,0x80F0,0x80F5,0x80F7,0x80F9,0x8102,0x810A,0x810B,0x811E,0x8127,0x8127,0x8127,0x8127,
    0x8127,0x8127,0x8127,0x8206,0x821A,0x822A,0x8231,0x822C,0x8238,0x8242,0x821A,0x821A,0x821A,0x8256,0x8263,0x8268,
    0x8272,0x827D,0x8288,0x8291,0x8231,0x822C,0x821A,0x821A,0x821A,0x821A,0x821A,0x821A,0x821A,0x8400,0x8400,0x8400,
    0x8427,0x8433,0x843C,0x8443,0x844C,0x8455,0x845D,0x8464,0x846B,0x8474,0x847F,0x848A,0x8495,0x8499,0x849B,0x849E,
    0x84A3,0x84A4,0x84A3,0x84A4,0x84A3,0x84A4,0x84A3,0x8603,0x8606,0x8603,0x8606,0x8603,0x8606,0x8634,0x863B,0x8643,
    0x864B,0x8650,0x8657,0x865E,0x8665,0x866D,0x8676,0x8682,0x8692,0x869E,0x86A9,0x86B4,0x86BC,0x86C0,0x86C5,0x86C9,
    0x8692,0x8806,0x881D,0x882E,0x8839,0x8842,0x884A,0x8853,0x885F,0x8806,0x881D,0x882E,0x8839,0x8842,0x884A,0x8853,
    0x885F,0x8806,0x881D,0x882E,0x8839,0x8842,0x884A,0x8853,0x885F,0x8806,0x881D,0x8A06,0x8A19,0x8A27,0x8A30,0x8A3B,
    0x8A47,0x8A55,0x8A62,0x8A06,0x8A30,0x8A3B,0x8A84,0x8A8C,0x8A47,0x8A55,0x8A62,0x8A06,0x8A19,0x8AB5,0x8A84,0x8A8C,
    0x8A47,0x8A55,0x8A62,0x8A06,0x8A19,0x8C03,0x8C15,0x8C2C,0x8C44,0x8C5B,0x8C5B,0x8C5A,0x8C92,0x8C59,0x8C58,0x8C80,
    0x0000,0x0000,0x0000,0x0000,0x0000,0x0000,0x0000,0x0000,0x0000,0x0000,0x0000,0x0000,0x0000,0x0000,0x0000,0x0000,
    0x0000,0x0000,0x0000,0x0000,0x0000,0x0000,0x0000,0x0000,0x0000,0x0000,0x0000,0x0000,0x0000,0x0000,0x0000,0x0000,
    0x0000,0x0000,0x0000,0x0000,0x0000,0x0000,0x0000,0x0000,0x0000,0x0000,0x0000,0x0000,0x0000,0x0000,0x0000,0x0000,
    0x0000,0x0000,0x0000,0x0000,0x0000,0x0000,0x0000,0x0000,0x0000,0x0000,0x0000,0x0000,0x0000,0x0000,0x0000,0x0000,
    0x0000,0x0000,0x0000,0x0000,0x0000,0x0000,0x0000,0x0000,0x0000,0x0000,0x0000,0x0000,0x0000,0x0000,0x0000,0x0000,
    0x0000,0x0000,0x0000,0x0000,0x0000,0x0000,0x0000,0x0000,0x0000,0x0000,0x0000,0x0000,0x0000,0x0000,0x0000,0x0000,
    0x0000,0x0000,0x0000,0x0000,0x0000,0x0000,0x0000,0x0000,0x0000,0x0000,0x0000,0x0000,0x0000,0x0000,0x0000,0x0000,
    0x8010,0x8010,0x8010,0x8010,0x8001,0x8024,0x8046,0x8047,0x8048,0x8049,0x8029,0x8002,0x8001,0x8024,0x8046,0x8047,
    0x8048,0x8049,0x8029,0x8002,0x8001,0x8016,0x8017,0x8006,0x8007,0x8018,0x8019,0x8002,0x8001,0x8024,0x8046,0x8047,
    0x8048,0x8049,0x8029,0x8002,0x804A,0x804B,0x804B,0x804C,0x804D,0x80B2,0x80BB,0x80C4,0x80CA,0x80D3,0x80D3,0x80D3,
    0x80D3,0x80DE,0x80BB,0x80EC,0x80F1,0x80F6,0x80F7,0x80FA,0x8103,0x810B,0x80D3,0x811F,0x8127,0x8127,0x8127,0x8127,
    0x8127,0x8127,0x8127,0x8206,0x821A,0x822A,0x8231,0x822C,0x8238,0x8242,0x821A,0x821A,0x8256,0x825C,0x8263,0x8268,
    0x8273,0x827E,0x8289,0x8291,0x8231,0x822C,0x8297,0x829C,0x82A2,0x82A8,0x82AC,0x82B0,0x82B1,0x8401,0x840E,0x8419,
    0x8428,0x8432,0x843B,0x8444,0x844D,0x8456,0x845E,0x8466,0x846B,0x8475,0x8480,0x848B,0x8495,0x8499,0x849B,0x849E,
    0x84A2,0x84A7,0x84AB,0x84B0,0x84AB,0x84B0,0x84AB,0x8604,0x8613,0x861F,0x8627,0x862E,0x8612,0x8634,0x863A,0x8642,
    0x864B,0x8650,0x8658,0x865E,0x8665,0x866E,0x8677,0x8683,0x8693,0x869F,0x86AA,0x86AA,0x86AA,0x86C1,0x860F,0x86CA,
    0x8693,0x8807,0x881E,0x881E,0x881E,0x8843,0x8808,0x8854,0x8860,0x8807,0x881E,0x881E,0x881E,0x8843,0x8808,0x8854,
    0x8860,0x8807,0x881E,0x881E,0x881E,0x8843,0x8808,0x8854,0x8860,0x8807,0x881E,0x8A07,0x8A1A,0x8A28,0x8A31,0x8A3C,
    0x8A48,0x8A56,0x8A07,0x8A07,0x8A31,0x8A3C,0x8A08,0x8A8D,0x8A9A,0x8A56,0x8A07,0x8A07,0x8A07,0x8AB6,0x8A08,0x8A8D,
    0x8A9A,0x8A56,0x8A07,0x8A07,0x8A07,0x8C04,0x8C16,0x8C2D,0x8C44,0x8C5B,0x8C5B,0x8C5B,0x8C93,0x8CA4,0x8C59,0x8C58,
    0x0000,0x0000,0x0000,0x0000,0x0000,0x0000,0x0000,0x0000,0x0000,0x0000,0x0000,0x0000,0x0000,0x0000,0x0000,0x0000,
    0x0000,0x0000,0x0000,0x0000,0x0000,0x0000,0x0000,0x0000,0x0000,0x0000,0x0000,0x0000,0x0000,0x0000,0x0000,0x0000,
    0x0000,0x0000,0x0000,0x0000,0x0000,0x0000,0x0000,0x0000,0x0000,0x0000,0x0000,0x0000,0x0000,0x0000,0x0000,0x0000,
    0x0000,0x0000,0x0000,0x0000,0x0000,0x0000,0x0000,0x0000,0x0000,0x0000,0x0000,0x0000,0x0000,0x0000,0x0000,0x0000,
    0x0000,0x0000,0x0000,0x0000,0x0000,0x0000,0x0000,0x0000,0x0000,0x0000,0x0000,0x0000,0x0000,0x0000,0x0000,0x0000,
    0x0000,0x0000,0x0000,0x0000,0x0000,0x0000,0x0000,0x0000,0x0000,0x0000,0x0000,0x0000,0x0000,0x0000,0x0000,0x0000,
    0x0000,0x0000,0x0000,0x0000,0x0000,0x0000,0x0000,0x0000,0x0000,0x0000,0x0000,0x0000,0x0000,0x0000,0x0000,0x0000,
    0x8000,0x8000,0x8000,0x8000,0x8003,0x802D,0x804E,0x804F,0x8050,0x8051,0x8032,0x800A,0x8003,0x802D,0x804E,0x804F,
    0x8050,0x8051,0x8032,0x800A,0x8003,0x8004,0x8023,0x8033,0x8007,0x8008,0x8009,0x800A,0x8003,0x802D,0x804E,0x804F,
    0x8050,0x8051,0x8032,0x800A,0x8052,0x8053,0x8053,0x8054,0x8055,0x80B3,0x80BB,0x80BB,0x80CB,0x80D3,0x80D3,0x80D3,
    0x80D3,0x80DE,0x80BB,0x80EC,0x80F0,0x80F5,0x80F7,0x80F9,0x8103,0x80D3,0x80D3,0x8120,0x8127,0x8127,0x8127,0x8127,
    0x8127,0x8127,0x8127,0x8206,0x821B,0x822A,0x8231,0x822C,0x8238,0x8242,0x821A,0x8256,0x825C,0x8260,0x8263,0x8268,
    0x8274,0x827F,0x828A,0x8291,0x8231,0x822C,0x8298,0x829D,0x82A3,0x82A9,0x82AD,0x82A9,0x82A9,0x8402,0x840F,0x841A,
    0x8429,0x8431,0x843C,0x8443,0x844E,0x8457,0x845F,0x8467,0x846B,0x8474,0x8481,0x848C,0x8495,0x8499,0x849B,0x849E,
    0x84A3,0x84A4,0x84AC,0x84B1,0x84AC,0x84B1,0x84AC,0x8605,0x8614,0x8620,0x8628,0x8606,0x8606,0x8634,0x863B,0x8643,
    0x864B,0x8650,0x8657,0x865E,0x8666,0x866F,0x8678,0x8684,0x860F,0x860F,0x860F,0x860F,0x860F,0x860F,0x860F,0x860F,
    0x860F,0x8808,0x8808,0x8808,0x8808,0x8808,0x8808,0x8808,0x8808,0x8808,0x8808,0x8808,0x8808,0x8808,0x8808,0x8808,
    0x8808,0x8808,0x8808,0x8808,0x8808,0x8808,0x8808,0x8808,0x8808,0x8808,0x8808,0x8A08,0x8A08,0x8A08,0x8A08,0x8A08,
    0x8A08,0x8A08,0x8A08,0x8A08,0x8A08,0x8A08,0x8A08,0x8A08,0x8A08,0x8A08,0x8A08,0x8A08,0x8A08,0x8A08,0x8A08,0x8A08,
    0x8A08,0x8A08,0x8A08,0x8A08,0x8A08,0x8C05,0x8C17,0x8C2E,0x8C45,0x8C5B,0x8C5B,0x8C5B,0x8C94,0x8CA5,0x8CA4,0x8C59,
    0x0000,0x0000,0x0000,0x0000,0x0000,0x0000,0x0000,0x0000,0x0000,0x0000,0x0000,0x0000,0x0000,0x0000,0x0000,0x0000,
    0x0000,0x0000,0x0000,0x0000,0x0000,0x0000,0x0000,0x0000,0x0000,0x0000,0x0000,0x0000,0x0000,0x0000,0x0000,0x0000,
    0x0000,0x0000,0x0000,0x0000,0x0000,0x0000,0x0000,0x0000,0x0000,0x0000,0x0000,0x0000,0x0000,0x0000,0x0000,0x0000,
    0x0000,0x0000,0x0000,0x0000,0x0000,0x0000,0x0000,0x0000,0x0000,0x0000,0x0000,0x0000,0x0000,0x0000,0x0000,0x0000,
    0x0000,0x0000,0x0000,0x0000,0x0000,0x0000,0x0000,0x0000,0x0000,0x0000,0x0000,0x0000,0x0000,0x0000,0x0000,0x0000,
    0x0000,0x0000,0x0000,0x0000,0x0000,0x0000,0x0000,0x0000,0x0000,0x0000,0x0000,0x0000,0x0000,0x0000,0x0000,0x0000,
    0x0000,0x0000,0x0000,0x0000,0x0000,0x0000,0x0000,0x0000,0x0000,0x0000,0x0000,0x0000,0x0000,0x0000,0x0000,0x0000,
    0x8010,0x8010,0x8010,0x8011,0x8001,0x8024,0x8056,0x8057,0x8058,0x8059,0x8029,0x8002,0x8001,0x8024,0x8056,0x8057,
    0x8058,0x8059,0x8029,0x8002,0x8001,0x8016,0x8017,0x8006,0x8007,0x8018,0x8019,0x8002,0x8001,0x8024,0x8056,0x8057,
    0x8058,0x8059,0x8029,0x8002,0x805A,0x805B,0x805C,0x805D,0x805E,0x80B4,0x80BC,0x80BC,0x80CC,0x80D3,0x80D3,0x80D3,
    0x80D3,0x80DE,0x80BB,0x80ED,0x80F1,0x80F6,0x80F7,0x80FA,0x8102,0x810C,0x8115,0x8121,0x8127,0x8127,0x8127,0x8127,
    0x8127,0x8127,0x8127,0x8207,0x821C,0x822A,0x8231,0x822C,0x8239,0x8243,0x8250,0x8250,0x8250,0x8261,0x8264,0x8269,
    0x8275,0x8280,0x828B,0x8292,0x8231,0x822C,0x821A,0x829E,0x82A4,0x821A,0x821A,0x821A,0x821A,0x8400,0x8410,0x841B,
    0x8400,0x8434,0x843D,0x8445,0x844A,0x8453,0x8460,0x8464,0x846B,0x8474,0x847E,0x848D,0x8495,0x8499,0x849B,0x849E,
    0x84A4,0x84A3,0x84AB,0x84B0,0x84AD,0x84B2,0x84A2,0x8602,0x8615,0x8621,0x8629,0x8602,0x8612,0x8634,0x863A,0x8642,
    0x864B,0x8650,0x8658,0x865E,0x8667,0x8670,0x8679,0x8679,0x8679,0x8679,0x8679,0x8679,0x8679,0x8679,0x8679,0x8679,
    0x8679,0x8809,0x8809,0x8809,0x8809,0x8809,0x8809,0x8809,0x8809,0x8809,0x8809,0x8809,0x8809,0x8809,0x8809,0x8809,
    0x8809,0x8809,0x8809,0x8809,0x8809,0x8809,0x8809,0x8809,0x8809,0x8809,0x8809,0x8A09,0x8A09,0x8A09,0x8A09,0x8A09,
    0x8A09,0x8A09,0x8A09,0x8A09,0x8A09,0x8A09,0x8A09,0x8A09,0x8A09,0x8A09,0x8A09,0x8A09,0x8A09,0x8A09,0x8A09,0x8A09,
    0x8A09,0x8A09,0x8A09,0x8A09,0x8A09,0x8C06,0x8C06,0x8C06,0x8C46,0x8C5C,0x8C5B,0x8C5B,0x8C94,0x8CA6,0x8CB3,0x8CA4,
    0x0000,0x0000,0x0000,0x0000,0x0000,0x0000,0x0000,0x0000,0x0000,0x0000,0x0000,0x0000,0x0000,0x0000,0x0000,0x0000,
    0x0000,0x0000,0x0000,0x0000,0x0000,0x0000,0x0000,0x0000,0x0000,0x0000,0x0000,0x0000,0x0000,0x0000,0x0000,0x0000,
    0x0000,0x0000,0x0000,0x0000,0x0000,0x0000,0x0000,0x0000,0x0000,0x0000,0x0000,0x0000,0x0000,0x0000,0x0000,0x0000,
    0x0000,0x0000,0x0000,0x0000,0x0000,0x0000,0x0000,0x0000,0x0000,0x0000,0x0000,0x0000,0x0000,0x0000,0x0000,0x0000,
    0x0000,0x0000,0x0000,0x0000,0x0000,0x0000,0x0000,0x0000,0x0000,0x0000,0x0000,0x0000,0x0000,0x0000,0x0000,0x0000,
    0x0000,0x0000,0x0000,0x0000,0x0000,0x0000,0x0000,0x0000,0x0000,0x0000,0x0000,0x0000,0x0000,0x0000,0x0000,0x0000,
    0x0000,0x0000,0x0000,0x0000,0x0000,0x0000,0x0000,0x0000,0x0000,0x0000,0x0000,0x0000,0x0000,0x0000,0x0000,0x0000,
    0x8010,0x8010,0x8010,0x8010,0x8003,0x805F,0x8060,0x8061,0x8060,0x8061,0x8062,0x800A,0x8003,0x805F,0x8060,0x8061,
    0x8060,0x8061,0x8062,0x800A,0x8003,0x8004,0x8023,0x8033,0x8007,0x8008,0x8009,0x800A,0x8003,0x805F,0x8060,0x8061,
    0x8060,0x8061,0x8062,0x800A,0x8063,0x8064,0x8065,0x805D,0x8066,0x80B5,0x80BD,0x80C5,0x80CD,0x80D3,0x80D3,0x80D3,
    0x80D3,0x80DE,0x80BB,0x80EC,0x80F0,0x80F5,0x80F7,0x80F9,0x8102,0x810D,0x8116,0x8122,0x8127,0x8127,0x8127,0x8127,
    0x8127,0x8127,0x8134,0x8208,0x821D,0x822A,0x8231,0x822C,0x823A,0x8244,0x8204,0x8204,0x8204,0x8204,0x8265,0x826A,
    0x8276,0x8281,0x828C,0x8293,0x8231,0x822C,0x8299,0x829F,0x82A5,0x82AA,0x82AE,0x82AE,0x82AE,0x8403,0x8411,0x841C,
    0x842A,0x8435,0x843E,0x8446,0x8449,0x8452,0x844F,0x8464,0x846B,0x8474,0x847E,0x848E,0x8495,0x8499,0x849B,0x849E,
    0x84A4,0x84A3,0x84AC,0x84B1,0x84AE,0x84A3,0x84A3,0x8603,0x8616,0x8622,0x862A,0x8603,0x8606,0x8634,0x863B,0x8643,
    0x864B,0x8650,0x8657,0x865E,0x8668,0x8671,0x867A,0x8685,0x867A,0x8685,0x867A,0x8685,0x867A,0x8685,0x867A,0x8685,
    0x867A,0x880A,0x881F,0x880A,0x881F,0x880A,0x881F,0x880A,0x881F,0x880A,0x881F,0x880A,0x881F,0x880A,0x881F,0x880A,
    0x881F,0x880A,0x881F,0x880A,0x881F,0x880A,0x881F,0x880A,0x881F,0x880A,0x881F,0x8A0A,0x8A1B,0x8A29,0x8A32,0x8A3D,
    0x8A49,0x8A57,0x8A63,0x8A6C,0x8A32,0x8A3D,0x8A1B,0x8A0A,0x8A1B,0x8A0A,0x8A1B,0x8A0A,0x8A1B,0x8A0A,0x8A1B,0x8A0A,
    0x8A1B,0x8A0A,0x8A1B,0x8A0A,0x8A1B,0x8C07,0x8C18,0x8C07,0x8C46,0x8C5D,0x8C6F,0x8C5B,0x8C95,0x8CA7,0x8CB4,0x8CC6,
    0x8CA4,0x8C59,0x8CBF,0x8C80,0x8C90,0x8CA0,0x8E00,0x8E1B,0x8E29,0x0000,0x0000,0x0000,0x0000,0x0000,0x0000,0x0000,
    0x0000,0x0000,0x0000,0x0000,0x0000,0x0000,0x0000,0x0000,0x0000,0x0000,0x0000,0x0000,0x0000,0x0000,0x0000,0x0000,
    0x0000,0x0000,0x0000,0x0000,0x0000,0x0000,0x0000,0x0000,0x0000,0x0000,0x0000,0x0000,0x0000,0x0000,0x0000,0x0000,
    0x0000,0x0000,0x0000,0x0000,0x0000,0x0000,0x0000,0x0000,0x0000,0x0000,0x0000,0x0000,0x0000,0x0000,0x0000,0x0000,
    0x0000,0x0000,0x0000,0x0000,0x0000,0x0000,0x0000,0x0000,0x0000,0x0000,0x0000,0x0000,0x0000,0x0000,0x0000,0x0000,
    0x0000,0x0000,0x0000,0x0000,0x0000,0x0000,0x0000,0x0000,0x0000,0x0000,0x0000,0x0000,0x0000,0x0000,0x0000,0x0000,
    0x0000,0x0000,0x0000,0x0000,0x0000,0x0000,0x0000,0x0000,0x0000,0x0000,0x0000,0x0000,0x0000,0x0000,0x0000,0x0000,
    0x8010,0x8010,0x8010,0x8010,0x8067,0x8068,0x8067,0x8068,0x8067,0x8068,0x8067,0x8068,0x8067,0x8068,0x8067,0x8068,
    0x8067,0x8068,0x8067,0x8068,0x8001,0x8016,0x8017,0x8069,0x806A,0x8018,0x8019,0x8002,0x8067,0x8068,0x8067,0x8068,
    0x8067,0x8068,0x8067,0x8068,0x806B,0x804B,0x8065,0x804C,0x804D,0x80B5,0x80BE,0x80C6,0x80CD,0x80D3,0x80D3,0x80D3,
    0x80D3,0x80DE,0x80BB,0x80ED,0x80F1,0x80F6,0x80F7,0x80FA,0x8102,0x810E,0x8117,0x8123,0x8127,0x8127,0x8127,0x8127,
    0x8127,0x8134,0x8137,0x8209,0x821E,0x822A,0x8231,0x822C,0x823B,0x8245,0x8251,0x8257,0x8257,0x8257,0x8266,0x826B,
    0x8277,0x8282,0x828D,0x8294,0x8295,0x822C,0x829A,0x82A0,0x82A6,0x82AB,0x829A,0x82A0,0x829A,0x8404,0x8412,0x841D,
    0x842B,0x8436,0x843F,0x8447,0x844F,0x844F,0x844F,0x8464,0x846C,0x8476,0x8482,0x848F,0x8495,0x8499,0x849C,0x849F,
    0x84A4,0x84A3,0x84AD,0x84B2,0x84AD,0x84B2,0x84A2,0x8602,0x8612,0x8602,0x8612,0x8602,0x8612,0x8634,0x863A,0x8642,
    0x864B,0x8650,0x8658,0x865E,0x8665,0x866E,0x867B,0x8686,0x8694,0x86A0,0x86A0,0x86A0,0x86BD,0x8602,0x8612,0x8686,
    0x8694,0x880B,0x880B,0x880B,0x883A,0x8841,0x8849,0x8855,0x8861,0x880B,0x880B,0x880B,0x883A,0x8841,0x8849,0x8855,
    0x8861,0x880B,0x880B,0x880B,0x883A,0x8841,0x8849,0x8855,0x8861,0x880B,0x880B,0x8A0B,0x8A1C,0x8A25,0x8A30,0x8A3B,
    0x8A4A,0x8A58,0x8A64,0x8A6D,0x8A30,0x8A3B,0x8A83,0x8A8E,0x8A9B,0x8A0B,0x8A0B,0x8A0B,0x8A1C,0x8AB4,0x8ABA,0x8A8E,
    0x8A9B,0x8A0B,0x8A0B,0x8A0B,0x8A1C,0x8C01,0x8C00,0x8C2F,0x8C46,0x8C5D,0x8C70,0x8C81,0x8C96,0x8CA8,0x8CB5,0x8CC7,
    0x8CD5,0x8CA4,0x8C59,0x8C58,0x8C91,0x8CA1,0x8E01,0x8E1B,0x8E29,0x0000,0x0000,0x0000,0x0000,0x0000,0x0000,0x0000,
    0x0000,0x0000,0x0000,0x0000,0x0000,0x0000,0x0000,0x0000,0x0000,0x0000,0x0000,0x0000,0x0000,0x0000,0x0000,0x0000,
    0x0000,0x0000,0x0000,0x0000,0x0000,0x0000,0x0000,0x0000,0x0000,0x0000,0x0000,0x0000,0x0000,0x0000,0x0000,0x0000,
    0x0000,0x0000,0x0000,0x0000,0x0000,0x0000,0x0000,0x0000,0x0000,0x0000,0x0000,0x0000,0x0000,0x0000,0x0000,0x0000,
    0x0000,0x0000,0x0000,0x0000,0x0000,0x0000,0x0000,0x0000,0x0000,0x0000,0x0000,0x0000,0x0000,0x0000,0x0000,0x0000,
    0x0000,0x0000,0x0000,0x0000,0x0000,0x0000,0x0000,0x0000,0x0000,0x0000,0x0000,0x0000,0x0000,0x0000,0x0000,0x0000,
    0x0000,0x0000,0x0000,0x0000,0x0000,0x0000,0x0000,0x0000,0x0000,0x0000,0x0000,0x0000,0x0000,0x0000,0x0000,0x0000,
    0x8000,0x8000,0x8000,0x8000,0x8001,0x8002,0x8001,0x8002,0x8001,0x8002,0x8001,0x8002,0x8001,0x8002,0x8001,0x8002,
    0x8001,0x8002,0x8001,0x8002,0x8003,0x8004,0x8023,0x8006,0x8007,0x8008,0x8009,0x800A,0x8001,0x8002,0x8001,0x8002,
    0x8001,0x8002,0x8001,0x8002,0x806C,0x8053,0x8053,0x8054,0x8055,0x80B6,0x80BF,0x80C7,0x80CE,0x80D3,0x80D3,0x80D3,
    0x80D3,0x80DE,0x80BB,0x80EC,0x80F0,0x80F5,0x80F7,0x80F9,0x8102,0x810F,0x8118,0x8124,0x8128,0x812B,0x812E,0x8130,
    0x8132,0x8135,0x8138,0x820A,0x821F,0x822A,0x8231,0x822C,0x823C,0x8246,0x820E,0x820E,0x820E,0x820E,0x820E,0x826C,
    0x8278,0x820E,0x828E,0x820E,0x820E,0x820E,0x820E,0x820E,0x820E,0x820E,0x820E,0x820E,0x820E,0x8405,0x8405,0x8405,
    0x8405,0x8405,0x8440,0x8448,0x8450,0x8458,0x8461,0x8468,0x846D,0x8477,0x8483,0x8490,0x8495,0x8499,0x849D,0x84A0,
    0x84A4,0x84A3,0x84AE,0x84A3,0x84AE,0x84A3,0x84A3,0x8603,0x8606,0x8603,0x8606,0x8603,0x8606,0x8634,0x863B,0x8643,
    0x864B,0x8650,0x8657,0x865E,0x8665,0x866D,0x867C,0x8680,0x868C,0x8698,0x86A4,0x86AE,0x86B9,0x8603,0x8606,0x8680,
    0x868C,0x8800,0x8818,0x8828,0x8836,0x8840,0x8844,0x884F,0x8859,0x8800,0x8818,0x8828,0x8836,0x8840,0x8844,0x884F,
    0x8859,0x8800,0x8818,0x8828,0x8836,0x8840,0x8844,0x884F,0x8859,0x8800,0x8818,0x8A00,0x8A16,0x8A25,0x8A30,0x8A3B,
    0x8A4B,0x8A59,0x8A65,0x8A6E,0x8A30,0x8A3B,0x8A81,0x8A89,0x8A94,0x8AA0,0x8AA9,0x8A00,0x8A16,0x8AB3,0x8A83,0x8A89,
    0x8A94,0x8AA0,0x8AA9,0x8A00,0x8A16,0x8C00,0x8C01,0x8C30,0x8C46,0x8C5D,0x8C70,0x8C82,0x8C97,0x8CA9,0x8CB6,0x8CC8,
    0x8CD6,0x8CDA,0x8CA4,0x8C59,0x8C58,0x8CA2,0x8E02,0x8E1B,0x8E29,0x0000,0x0000,0x0000,0x0000,0x0000,0x0000,0x0000,
    0x0000,0x0000,0x0000,0x0000,0x0000,0x0000,0x0000,0x0000,0x0000,0x0000,0x0000,0x0000,0x0000,0x0000,0x0000,0x0000,
    0x0000,0x0000,0x0000,0x0000,0x0000,0x0000,0x0000,0x0000,0x0000,0x0000,0x0000,0x0000,0x0000,0x0000,0x0000,0x0000,
    0x0000,0x0000,0x0000,0x0000,0x0000,0x0000,0x0000,0x0000,0x0000,0x0000,0x0000,0x0000,0x0000,0x0000,0x0000,0x0000,
    0x0000,0x0000,0x0000,0x0000,0x0000,0x0000,0x0000,0x0000,0x0000,0x0000,0x0000,0x0000,0x0000,0x0000,0x0000,0x0000,
    0x0000,0x0000,0x0000,0x0000,0x0000,0x0000,0x0000,0x0000,0x0000,0x0000,0x0000,0x0000,0x0000,0x0000,0x0000,0x0000,
    0x0000,0x0000,0x0000,0x0000,0x0000,0x0000,0x0000,0x0000,0x0000,0x0000,0x0000,0x0000,0x0000,0x0000,0x0000,0x0000,
    0x8010,0x8010,0x8010,0x8011,0x806D,0x806D,0x806D,0x806D,0x806D,0x806D,0x806D,0x806D,0x806D,0x806D,0x806D,0x806D,
    0x806D,0x806D,0x806D,0x806D,0x806D,0x806E,0x806F,0x8006,0x8007,0x8018,0x806D,0x806D,0x806D,0x806D,0x806D,0x806D,
    0x806D,0x806D,0x806D,0x806D,0x8070,0x804B,0x8065,0x805D,0x8066,0x80B2,0x80BB,0x80C8,0x80CE,0x80D3,0x80D3,0x80D3,
    0x80D3,0x80DE,0x80BB,0x80ED,0x80F2,0x80F6,0x80F7,0x80FA,0x8104,0x8110,0x8119,0x8110,0x8119,0x8110,0x8119,0x8110,
    0x8119,0x8110,0x8119,0x820B,0x8220,0x822B,0x8221,0x822C,0x823D,0x8247,0x820F,0x8258,0x8224,0x820F,0x820F,0x820F,
    0x8223,0x820F,0x820F,0x820F,0x8224,0x820F,0x820F,0x820F,0x8223,0x820F,0x820F,0x820F,0x820F,0x8406,0x8406,0x841E,
    0x8409,0x8407,0x8407,0x8407,0x8451,0x8459,0x840D,0x8469,0x846E,0x8478,0x8484,0x8483,0x8495,0x8499,0x849B,0x849E,
    0x84A4,0x84A3,0x84A4,0x84A3,0x84A4,0x84A3,0x84A4,0x8606,0x8603,0x8606,0x8603,0x8606,0x8603,0x8634,0x863A,0x8642,
    0x864B,0x8650,0x8658,0x865F,0x8665,0x866E,0x867B,0x8687,0x868D,0x8699,0x86A5,0x86AF,0x86BA,0x8606,0x8606,0x86C8,
    0x868D,0x8801,0x8819,0x8829,0x8837,0x8844,0x8844,0x8850,0x885A,0x8801,0x8819,0x8829,0x8837,0x8844,0x8844,0x8850,
    0x885A,0x8801,0x8819,0x8829,0x8837,0x8844,0x8844,0x8850,0x885A,0x8801,0x8819,0x8A01,0x8A17,0x8A29,0x8A33,0x8A3E,
    0x8A4C,0x8A5A,0x8A66,0x8A6F,0x8A30,0x8A3B,0x8A83,0x8A8F,0x8A95,0x8AA1,0x8AAA,0x8A01,0x8A17,0x8AB3,0x8A83,0x8A8F,
    0x8A95,0x8AA1,0x8AAA,0x8A01,0x8A17,0x8C01,0x8C01,0x8C31,0x8C46,0x8C5D,0x8C71,0x8C7E,0x8C98,0x8CAA,0x8CB7,0x8CC9,
    0x8CD7,0x8CDB,0x8CE1,0x8CA4,0x8C59,0x8CA3,0x8E03,0x8E1C,0x8E29,0x0000,0x0000,0x0000,0x0000,0x0000,0x0000,0x0000,
    0x0000,0x0000,0x0000,0x0000,0x0000,0x0000,0x0000,0x0000,0x0000,0x0000,0x0000,0x0000,0x0000,0x0000,0x0000,0x0000,
    0x0000,0x0000,0x0000,0x0000,0x0000,0x0000,0x0000,0x0000,0x0000,0x0000,0x0000,0x0000,0x0000,0x0000,0x0000,0x0000,
    0x0000,0x0000,0x0000,0x0000,0x0000,0x0000,0x0000,0x0000,0x0000,0x0000,0x0000,0x0000,0x0000,0x0000,0x0000,0x0000,
    0x0000,0x0000,0x0000,0x0000,0x0000,0x0000,0x0000,0x0000,0x0000,0x0000,0x0000,0x0000,0x0000,0x0000,0x0000,0x0000,
    0x0000,0x0000,0x0000,0x0000,0x0000,0x0000,0x0000,0x0000,0x0000,0x0000,0x0000,0x0000,0x0000,0x0000,0x0000,0x0000,
    0x0000,0x0000,0x0000,0x0000,0x0000,0x0000,0x0000,0x0000,0x0000,0x0000,0x0000,0x0000,0x0000,0x0000,0x0000,0x0000,
    0x8010,0x8010,0x8010,0x8010,0x8071,0x8071,0x8071,0x8071,0x8071,0x8071,0x8071,0x8071,0x8071,0x8071,0x8071,0x8071,
    0x8071,0x8071,0x8071,0x8071,0x8071,0x8072,0x806F,0x8006,0x8007,0x8073,0x8071,0x8071,0x8071,0x8071,0x8071,0x8071,
    0x8071,0x8071,0x8071,0x8071,0x8074,0x804B,0x8065,0x805D,0x8066,0x80B2,0x80BB,0x80BB,0x80CE,0x80D3,0x80D3,0x80D3,
    0x80D3,0x80DF,0x80E5,0x80EC,0x80F3,0x80F5,0x80F7,0x80F9,0x80F7,0x80FA,0x80F7,0x80FA,0x80F7,0x80FA,0x80F7,0x80FA,
    0x80F7,0x80FA,0x80F7,0x820C,0x8221,0x822C,0x8221,0x822C,0x823E,0x8248,0x8224,0x820F,0x820F,0x8224,0x8224,0x820F,
    0x820F,0x8223,0x8224,0x820F,0x820F,0x8224,0x8224,0x820F,0x820F,0x8223,0x8224,0x820F,0x8224,0x8407,0x8407,0x8407,
    0x8406,0x8409,0x8406,0x8407,0x8407,0x845A,0x8462,0x840D,0x846F,0x8479,0x8485,0x8491,0x8496,0x8499,0x849B,0x849E,
    0x84A5,0x84A8,0x84A5,0x84A8,0x84A5,0x84A8,0x84A5,0x8607,0x8617,0x8607,0x8617,0x8607,0x8617,0x8635,0x863C,0x8644,
    0x864B,0x8650,0x8657,0x865E,0x8665,0x866D,0x867C,0x8687,0x868E,0x869A,0x869A,0x86B0,0x86BA,0x86C2,0x86C6,0x86C8,
    0x868E,0x8802,0x8802,0x882A,0x8837,0x8845,0x884B,0x8850,0x885B,0x8802,0x8802,0x882A,0x8837,0x8845,0x884B,0x8850,
    0x885B,0x8802,0x8802,0x882A,0x8837,0x8845,0x884B,0x8850,0x885B,0x8802,0x8802,0x8A02,0x8A17,0x8A25,0x8A34,0x8A3F,
    0x8A4D,0x8A5B,0x8A67,0x8A70,0x8A30,0x8A3B,0x8A81,0x8A8F,0x8A96,0x8AA2,0x8AA2,0x8A02,0x8A17,0x8AB7,0x8A81,0x8ABE,
    0x8A96,0x8AA2,0x8AA2,0x8A02,0x8A17,0x8C02,0x8C00,0x8C31,0x8C47,0x8C5D,0x8C72,0x8C83,0x8C99,0x8CAB,0x8CB8,0x8CCA,
    0x8CD8,0x8CDC,0x8CE2,0x8CE7,0x8CEE,0x8C59,0x8E04,0x8E1B,0x8E29,0x0000,0x0000,0x0000,0x0000,0x0000,0x0000,0x0000,
    0x0000,0x0000,0x0000,0x0000,0x0000,0x0000,0x0000,0x0000,0x0000,0x0000,0x0000,0x0000,0x0000,0x0000,0x0000,0x0000,
    0x0000,0x0000,0x0000,0x0000,0x0000,0x0000,0x0000,0x0000,0x0000,0x0000,0x0000,0x0000,0x0000,0x0000,0x0000,0x0000,
    0x0000,0x0000,0x0000,0x0000,0x0000,0x0000,0x0000,0x0000,0x0000,0x0000,0x0000,0x0000,0x0000,0x0000,0x0000,0x0000,
    0x0000,0x0000,0x0000,0x0000,0x0000,0x0000,0x0000,0x0000,0x0000,0x0000,0x0000,0x0000,0x0000,0x0000,0x0000,0x0000,
    0x0000,0x0000,0x0000,0x0000,0x0000,0x0000,0x0000,0x0000,0x0000,0x0000,0x0000,0x0000,0x0000,0x0000,0x0000,0x0000,
    0x0000,0x0000,0x0000,0x0000,0x0000,0x0000,0x0000,0x0000,0x0000,0x0000,0x0000,0x0000,0x0000,0x0000,0x0000,0x0000,
    0x8010,0x8010,0x8010,0x8010,0x8071,0x8071,0x8075,0x8076,0x8076,0x8077,0x8071,0x8071,0x8071,0x8071,0x8075,0x8076,
    0x8076,0x8077,0x8071,0x8071,0x8071,0x8072,0x806F,0x8006,0x8007,0x8018,0x8071,0x8071,0x8071,0x8071,0x8075,0x8078,
    0x8076,0x8077,0x8071,0x8071,0x8079,0x807A,0x807A,0x807B,0x807C,0x80B7,0x80C0,0x80C0,0x80CF,0x80D3,0x80D3,0x80D8,
    0x80DB,0x80E0,0x80E6,0x80EE,0x80F4,0x80F6,0x80F8,0x80FB,0x80F8,0x80FB,0x80F8,0x80FB,0x80F8,0x80FB,0x80F8,0x80FB,
    0x80F8,0x80FB,0x80F8,0x820D,0x8222,0x820D,0x8222,0x820D,0x823F,0x8249,0x8232,0x820F,0x820F,0x8224,0x820F,0x820F,
    0x820F,0x8224,0x8232,0x820F,0x820F,0x8224,0x820F,0x820F,0x820F,0x8224,0x8232,0x820F,0x820F,0x8406,0x8413,0x841F,
    0x842C,0x8437,0x8409,0x8407,0x8407,0x8406,0x8463,0x8459,0x8470,0x847A,0x8486,0x8492,0x8497,0x849A,0x849B,0x849E,
    0x84A6,0x84A9,0x84A6,0x84A9,0x84A6,0x84A9,0x84A6,0x8608,0x8618,0x8608,0x8618,0x8608,0x8618,0x8608,0x8618,0x8645,
    0x864C,0x8651,0x8659,0x8660,0x8665,0x866E,0x867B,0x8687,0x8695,0x86A1,0x86A1,0x86B5,0x86BA,0x8603,0x8606,0x86C8,
    0x8695,0x880C,0x880C,0x882F,0x8837,0x8840,0x8844,0x8850,0x8862,0x880C,0x880C,0x882F,0x8837,0x8840,0x8844,0x8850,
    0x8862,0x880C,0x880C,0x882F,0x8837,0x8840,0x8844,0x8850,0x8862,0x880C,0x880C,0x8A0C,0x8A17,0x8A29,0x8A35,0x8A40,
    0x8A4E,0x8A5C,0x8A68,0x8A71,0x8A30,0x8A3B,0x8A83,0x8A8F,0x8A9C,0x8AA6,0x8AA6,0x8A0C,0x8A17,0x8AB3,0x8A83,0x8ABF,
    0x8A9C,0x8AA6,0x8AA6,0x8A0C,0x8A17,0x8C08,0x8C01,0x8C31,0x8C48,0x8C5E,0x8C73,0x8C84,0x8C9A,0x8CAC,0x8CB9,0x8CCB,
    0x8CD9,0x8CDD,0x8CE3,0x8CE8,0x8CEF,0x8C42,0x8E05,0x8E1D,0x8E2A,0x0000,0x0000,0x0000,0x0000,0x0000,0x0000,0x0000,
    0x0000,0x0000,0x0000,0x0000,0x0000,0x0000,0x0000,0x0000,0x0000,0x0000,0x0000,0x0000,0x0000,0x0000,0x0000,0x0000,
    0x0000,0x0000,0x0000,0x0000,0x0000,0x0000,0x0000,0x0000,0x0000,0x0000,0x0000,0x0000,0x0000,0x0000,0x0000,0x0000,
    0x0000,0x0000,0x0000,0x0000,0x0000,0x0000,0x0000,0x0000,0x0000,0x0000,0x0000,0x0000,0x0000,0x0000,0x0000,0x0000,
    0x0000,0x0000,0x0000,0x0000,0x0000,0x0000,0x0000,0x0000,0x0000,0x0000,0x0000,0x0000,0x0000,0x0000,0x0000,0x0000,
    0x0000,0x0000,0x0000,0x0000,0x0000,0x0000,0x0000,0x0000,0x0000,0x0000,0x0000,0x0000,0x0000,0x0000,0x0000,0x0000,
    0x0000,0x0000,0x0000,0x0000,0x0000,0x0000,0x0000,0x0000,0x0000,0x0000,0x0000,0x0000,0x0000,0x0000,0x0000,0x0000,
    0x8000,0x8000,0x8000,0x8000,0x807D,0x807D,0x807E,0x807F,0x807F,0x8080,0x8081,0x807D,0x807D,0x807D,0x807E,0x807F,
    0x807F,0x8080,0x8081,0x807D,0x807D,0x8082,0x8083,0x8033,0x8084,0x8073,0x8085,0x807D,0x807D,0x807D,0x807E,0x8086,
    0x807F,0x8080,0x8081,0x807D,0x8087,0x8088,0x8088,0x8088,0x8088,0x8088,0x8088,0x8088,0x8088,0x8088,0x8088,0x8088,
    0x8088,0x8088,0x8088,0x80EF,0x8000,0x8000,0x8000,0x8000,0x8000,0x8000,0x8000,0x8000,0x8000,0x8000,0x8000,0x8000,
    0x8000,0x8000,0x8000,0x820E,0x820E,0x820E,0x820E,0x820E,0x820E,0x824A,0x8210,0x8211,0x8210,0x822D,0x8210,0x8210,
    0x8210,0x822D,0x8210,0x8211,0x8210,0x822D,0x8210,0x8210,0x8210,0x822D,0x8210,0x8211,0x8210,0x8408,0x8414,0x8420,
    0x842D,0x8438,0x8441,0x8422,0x8416,0x8416,0x8416,0x846A,0x8405,0x8405,0x8405,0x8405,0x8405,0x8405,0x8405,0x8405,
    0x8405,0x8405,0x8405,0x8405,0x8405,0x8405,0x8405,0x8609,0x8609,0x8609,0x8609,0x862F,0x8630,0x8636,0x863D,0x8646,
    0x864D,0x8652,0x865A,0x8661,0x8669,0x8672,0x867D,0x8688,0x8696,0x86A2,0x86AB,0x86B6,0x86BE,0x86C3,0x86C7,0x86CB,
    0x8696,0x880D,0x8820,0x8830,0x883B,0x8846,0x884C,0x8856,0x8863,0x880D,0x8820,0x8830,0x883B,0x8846,0x884C,0x8856,
    0x8863,0x880D,0x8820,0x8830,0x883B,0x8846,0x884C,0x8856,0x8863,0x880D,0x8820,0x8A0D,0x8A1D,0x8A2A,0x8A36,0x8A41,
    0x8A4F,0x8A5D,0x8A5D,0x8A72,0x8A30,0x8A3B,0x8A85,0x8A90,0x8A9D,0x8AA7,0x8AAE,0x8A0D,0x8A1D,0x8AB8,0x8ABB,0x8A90,
    0x8A9D,0x8AA7,0x8AAE,0x8A0D,0x8A1D,0x8C09,0x8C19,0x8C32,0x8C40,0x8C57,0x8C6E,0x8C7E,0x8C8E,0x8CAD,0x8CBA,0x8C82,
    0x8C97,0x8CDE,0x8CE4,0x8CE9,0x8CEF,0x8C5A,0x8E06,0x8E05,0x8E1D,0x0000,0x0000,0x0000,0x0000,0x0000,0x0000,0x0000,
    0x0000,0x0000,0x0000,0x0000,0x0000,0x0000,0x0000,0x0000,0x0000,0x0000,0x0000,0x0000,0x0000,0x0000,0x0000,0x0000,
    0x0000,0x0000,0x0000,0x0000,0x0000,0x0000,0x0000,0x0000,0x0000,0x0000,0x0000,0x0000,0x0000,0x0000,0x0000,0x0000,
    0x0000,0x0000,0x0000,0x0000,0x0000,0x0000,0x0000,0x0000,0x0000,0x0000,0x0000,0x0000,0x0000,0x0000,0x0000,0x0000,
    0x0000,0x0000,0x0000,0x0000,0x0000,0x0000,0x0000,0x0000,0x0000,0x0000,0x0000,0x0000,0x0000,0x0000,0x0000,0x0000,
    0x0000,0x0000,0x0000,0x0000,0x0000,0x0000,0x0000,0x0000,0x0000,0x0000,0x0000,0x0000,0x0000,0x0000,0x0000,0x0000,
    0x0000,0x0000,0x0000,0x0000,0x0000,0x0000,0x0000,0x0000,0x0000,0x0000,0x0000,0x0000,0x0000,0x0000,0x0000,0x0000,
    0x8010,0x8010,0x8010,0x8011,0x8089,0x808A,0x808A,0x808A,0x808A,0x808B,0x808B,0x808C,0x8089,0x808A,0x808A,0x808A,
    0x808B,0x808A,0x808A,0x808A,0x8089,0x808A,0x808A,0x808D,0x808E,0x808F,0x8090,0x808A,0x8089,0x808A,0x808A,0x808A,
    0x808B,0x808A,0x808A,0x808A,0x8089,0x808A,0x808A,0x808A,0x808B,0x808A,0x808A,0x808A,0x8089,0x808A,0x808A,0x808A,
    0x808B,0x808A,0x808A,0x808A,0x8089,0x808A,0x808A,0x808A,0x808A,0x808B,0x808B,0x808C,0x8089,0x808A,0x808A,0x808A,
    0x808B,0x808A,0x808A,0x820F,0x8223,0x820F,0x820F,0x820F,0x8224,0x820F,0x820F,0x820F,0x8223,0x820F,0x820F,0x820F,
    0x8224,0x820F,0x820F,0x820F,0x8223,0x820F,0x820F,0x820F,0x8224,0x820F,0x820F,0x820F,0x8223,0x8407,0x8415,0x8421,
    0x842E,0x8439,0x8407,0x841E,0x8409,0x8407,0x8407,0x8407,0x8406,0x8407,0x8407,0x8407,0x8409,0x8407,0x8407,0x8407,
    0x8406,0x8407,0x8407,0x8407,0x8409,0x8407,0x8407,0x860A,0x8619,0x860A,0x860A,0x860A,0x8631,0x8637,0x860F,0x860F,
    0x864E,0x8653,0x865B,0x8662,0x866A,0x8673,0x867E,0x8689,0x8697,0x86A3,0x86AC,0x86B7,0x86BF,0x86C4,0x867E,0x8689,
    0x8697,0x880E,0x8821,0x8831,0x883C,0x8847,0x884D,0x8857,0x8864,0x880E,0x8821,0x8831,0x883C,0x8847,0x884D,0x8857,
    0x8864,0x880E,0x8821,0x8831,0x883C,0x8847,0x884D,0x8857,0x8864,0x880E,0x8821,0x8A0E,0x8A1E,0x8A2B,0x8A37,0x8A42,
    0x8A50,0x8A5E,0x8A69,0x8A73,0x8A77,0x8A7D,0x8A86,0x8A91,0x8A9E,0x8AA8,0x8AAF,0x8A0E,0x8AB2,0x8AB9,0x8ABC,0x8AC0,
    0x8A9E,0x8AA8,0x8AAF,0x8A0E,0x8AC5,0x8C0A,0x8C1A,0x8C33,0x8C49,0x8C58,0x8C57,0x8C7F,0x8C8F,0x8C9F,0x8CBB,0x8C7E,
    0x8C98,0x8CDF,0x8CE5,0x8CEA,0x8CEF,0x8C5B,0x8E07,0x8E06,0x8E05,0x0000,0x0000,0x0000,0x0000,0x0000,0x0000,0x0000,
    0x0000,0x0000,0x0000,0x0000,0x0000,0x0000,0x0000,0x0000,0x0000,0x0000,0x0000,0x0000,0x0000,0x0000,0x0000,0x0000,
    0x0000,0x0000,0x0000,0x0000,0x0000,0x0000,0x0000,0x0000,0x0000,0x0000,0x0000,0x0000,0x0000,0x0000,0x0000,0x0000,
    0x0000,0x0000,0x0000,0x0000,0x0000,0x0000,0x0000,0x0000,0x0000,0x0000,0x0000,0x0000,0x0000,0x0000,0x0000,0x0000,
    0x0000,0x0000,0x0000,0x0000,0x0000,0x0000,0x0000,0x0000,0x0000,0x0000,0x0000,0x0000,0x0000,0x0000,0x0000,0x0000,
    0x0000,0x0000,0x0000,0x0000,0x0000,0x0000,0x0000,0x0000,0x0000,0x0000,0x0000,0x0000,0x0000,0x0000,0x0000,0x0000,
    0x0000,0x0000,0x0000,0x0000,0x0000,0x0000,0x0000,0x0000,0x0000,0x0000,0x0000,0x0000,0x0000,0x0000,0x0000,0x0000,
    0x8010,0x8010,0x8010,0x8010,0x808A,0x8089,0x808B,0x808A,0x808B,0x808A,0x808A,0x808A,0x808B,0x8089,0x808B,0x808A,
    0x808A,0x808B,0x808B,0x808A,0x808A,0x8089,0x808B,0x808A,0x808A,0x808B,0x808B,0x808A,0x808A,0x8089,0x808B,0x808A,
    0x808A,0x808B,0x808B,0x808A,0x808A,0x8089,0x808B,0x808A,0x808A,0x808B,0x808B,0x808A,0x808A,0x8089,0x808B,0x808A,
    0x808A,0x808B,0x808B,0x808A,0x808A,0x8089,0x808B,0x808A,0x808B,0x808A,0x808A,0x808A,0x808B,0x8089,0x808B,0x808A,
    0x808A,0x808B,0x808B,0x820F,0x820F,0x8223,0x8224,0x820F,0x820F,0x8224,0x8224,0x820F,0x820F,0x8223,0x8224,0x820F,
    0x820F,0x8224,0x8224,0x820F,0x820F,0x8223,0x8224,0x820F,0x820F,0x8224,0x8224,0x820F,0x8224,0x8409,0x8406,0x8407,
    0x8407,0x8406,0x8406,0x8407,0x8407,0x8409,0x8406,0x8407,0x8407,0x8406,0x8406,0x8407,0x8407,0x8409,0x8406,0x8407,
    0x8407,0x8406,0x8406,0x8407,0x8407,0x8409,0x8406,0x860A,0x860A,0x8619,0x8619,0x860A,0x860A,0x8631,0x8637,0x860F,
    0x860F,0x8654,0x865C,0x8663,0x866B,0x8674,0x866B,0x868A,0x866B,0x868A,0x866B,0x868A,0x866B,0x868A,0x866B,0x868A,
    0x866B,0x880F,0x8822,0x880F,0x8822,0x880F,0x8822,0x880F,0x8822,0x880F,0x8822,0x880F,0x8822,0x880F,0x8822,0x880F,
    0x8822,0x880F,0x8822,0x880F,0x8822,0x880F,0x8822,0x880F,0x8822,0x880F,0x8822,0x8A0F,0x8A1F,0x8A0F,0x8A1F,0x8A43,
    0x8A51,0x8A5D,0x8A5D,0x8A70,0x8A78,0x8A5D,0x8A1F,0x8A0F,0x8A1F,0x8A0F,0x8A1F,0x8A0F,0x8A1F,0x8A0F,0x8A1F,0x8A0F,
    0x8A1F,0x8A0F,0x8A1F,0x8A0F,0x8A1F,0x8C0B,0x8C1B,0x8C34,0x8C4A,0x8C5F,0x8C58,0x8C80,0x8C90,0x8CA0,0x8CBC,0x8C83,
    0x8C99,0x8CE0,0x8CE6,0x8CEB,0x8CF0,0x8C5B,0x8E08,0x8E07,0x8E2B,0x0000,0x0000,0x0000,0x0000,0x0000,0x0000,0x0000,
    0x0000,0x0000,0x0000,0x0000,0x0000,0x0000,0x0000,0x0000,0x0000,0x0000,0x0000,0x0000,0x0000,0x0000,0x0000,0x0000,
    0x0000,0x0000,0x0000,0x0000,0x0000,0x0000,0x0000,0x0000,0x0000,0x0000,0x0000,0x0000,0x0000,0x0000,0x0000,0x0000,
    0x0000,0x0000,0x0000,0x0000,0x0000,0x0000,0x0000,0x0000,0x0000,0x0000,0x0000,0x0000,0x0000,0x0000,0x0000,0x0000,
    0x0000,0x0000,0x0000,0x0000,0x0000,0x0000,0x0000,0x0000,0x0000,0x0000,0x0000,0x0000,0x0000,0x0000,0x0000,0x0000,
    0x0000,0x0000,0x0000,0x0000,0x0000,0x0000,0x0000,0x0000,0x0000,0x0000,0x0000,0x0000,0x0000,0x0000,0x0000,0x0000,
    0x0000,0x0000,0x0000,0x0000,0x0000,0x0000,0x0000,0x0000,0x0000,0x0000,0x0000,0x0000,0x0000,0x0000,0x0000,0x0000,
    0x8010,0x8010,0x8010,0x8010,0x808A,0x808B,0x8091,0x808A,0x808A,0x808B,0x8092,0x8093,0x8094,0x8095,0x8089,0x808A,
    0x808A,0x808B,0x808A,0x808A,0x808A,0x808B,0x8091,0x808A,0x808A,0x808B,0x808A,0x808A,0x808A,0x808B,0x8091,0x808A,
    0x808A,0x808B,0x808A,0x808A,0x808A,0x808B,0x8091,0x808A,0x808A,0x808B,0x808A,0x808A,0x808A,0x808B,0x8091,0x808A,
    0x808A,0x808B,0x808A,0x808A,0x808A,0x808B,0x8091,0x808A,0x808A,0x808B,0x8092,0x8093,0x8094,0x8095,0x8089,0x808A,
    0x808A,0x808B,0x808A,0x820F,0x820F,0x8224,0x8232,0x820F,0x820F,0x8224,0x820F,0x820F,0x820F,0x8224,0x8232,0x820F,
    0x820F,0x8224,0x820F,0x820F,0x820F,0x8224,0x8232,0x820F,0x820F,0x8224,0x820F,0x820F,0x8224,0x8406,0x8409,0x8407,
    0x8407,0x8406,0x8407,0x8407,0x8407,0x8406,0x8442,0x8407,0x8407,0x8406,0x8407,0x8407,0x8407,0x8406,0x8442,0x8407,
    0x8407,0x8406,0x8407,0x8407,0x8407,0x8406,0x8442,0x860A,0x860A,0x8619,0x860A,0x860A,0x860A,0x8619,0x863E,0x8637,
    0x860F,0x8655,0x860F,0x8664,0x866C,0x8675,0x867F,0x868B,0x866C,0x8675,0x86AD,0x86B8,0x86AD,0x86B8,0x867F,0x868B,
    0x866C,0x8810,0x8823,0x8832,0x8823,0x8832,0x884E,0x8858,0x8865,0x8810,0x8823,0x8832,0x8823,0x8832,0x884E,0x8858,
    0x8865,0x8810,0x8823,0x8832,0x8823,0x8832,0x884E,0x8858,0x8865,0x8810,0x8823,0x8A10,0x8A20,0x8A2C,0x8A38,0x8A44,
    0x8A52,0x8A5F,0x8A5F,0x8A74,0x8A79,0x8A7E,0x8A87,0x8A10,0x8A20,0x8A2C,0x8AB0,0x8A10,0x8AB0,0x8A10,0x8A38,0x8AC1,
    0x8A20,0x8A2C,0x8AB0,0x8A10,0x8AB0,0x8C0C,0x8C1C,0x8C35,0x8C4B,0x8C60,0x8C5F,0x8C58,0x8C91,0x8CA1,0x8CBC,0x8C84,
    0x8C9A,0x8CAC,0x8C70,0x8CCB,0x8CF1,0x8C5B,0x8E08,0x8E08,0x8E2C,0x0000,0x0000,0x0000,0x0000,0x0000,0x0000,0x0000,
    0x0000,0x0000,0x0000,0x0000,0x0000,0x0000,0x0000,0x0000,0x0000,0x0000,0x0000,0x0000,0x0000,0x0000,0x0000,0x0000,
    0x0000,0x0000,0x0000,0x0000,0x0000,0x0000,0x0000,0x0000,0x0000,0x0000,0x0000,0x0000,0x0000,0x0000,0x0000,0x0000,
    0x0000,0x0000,0x0000,0x0000,0x0000,0x0000,0x0000,0x0000,0x0000,0x0000,0x0000,0x0000,0x0000,0x0000,0x0000,0x0000,
    0x0000,0x0000,0x0000,0x0000,0x0000,0x0000,0x0000,0x0000,0x0000,0x0000,0x0000,0x0000,0x0000,0x0000,0x0000,0x0000,
    0x0000,0x0000,0x0000,0x0000,0x0000,0x0000,0x0000,0x0000,0x0000,0x0000,0x0000,0x0000,0x0000,0x0000,0x0000,0x0000,
    0x0000,0x0000,0x0000,0x0000,0x0000,0x0000,0x0000,0x0000,0x0000,0x0000,0x0000,0x0000,0x0000,0x0000,0x0000,0x0000,
    0x8000,0x8000,0x8000,0x8000,0x8096,0x8097,0x8096,0x8098,0x8096,0x8099,0x809A,0x809B,0x809C,0x809D,0x809E,0x8098,
    0x8096,0x8097,0x8096,0x8096,0x8096,0x8097,0x8096,0x8098,0x8096,0x8097,0x8096,0x8096,0x8096,0x8097,0x8096,0x8098,
    0x8096,0x8097,0x8096,0x8096,0x8096,0x8097,0x8096,0x8098,0x8096,0x8097,0x8096,0x8096,0x8096,0x8097,0x8096,0x8098,
    0x8096,0x8097,0x8096,0x8096,0x8096,0x8097,0x8096,0x8098,0x8096,0x8099,0x809A,0x809B,0x809C,0x809D,0x809E,0x8098,
    0x8096,0x8097,0x8096,0x8210,0x8210,0x822D,0x8210,0x8211,0x8210,0x822D,0x8210,0x8210,0x8210,0x822D,0x8210,0x8211,
    0x8210,0x822D,0x8210,0x8210,0x8210,0x822D,0x8210,0x8211,0x8210,0x822D,0x8210,0x8210,0x8210,0x840A,0x8416,0x8422,
    0x8416,0x840A,0x8416,0x8416,0x8416,0x840A,0x8416,0x8422,0x8416,0x840A,0x8416,0x8416,0x8416,0x840A,0x8416,0x8422,
    0x8416,0x840A,0x8416,0x8416,0x8416,0x840A,0x8416,0x860B,0x860C,0x8623,0x860C,0x860C,0x860C,0x860C,0x860C,0x8647,
    0x864F,0x8656,0x865D,0x8609,0x8609,0x8609,0x8609,0x8609,0x8609,0x8609,0x8609,0x8609,0x8609,0x8609,0x8609,0x8609,
    0x8609,0x8811,0x8811,0x8811,0x8811,0x8811,0x8811,0x8811,0x8811,0x8811,0x8811,0x8811,0x8811,0x8811,0x8811,0x8811,
    0x8811,0x8811,0x8811,0x8811,0x8811,0x8811,0x8811,0x8811,0x8811,0x8811,0x8811,0x8A11,0x8A11,0x8A11,0x8A11,0x8A11,
    0x8A11,0x8A11,0x8A11,0x8A11,0x8A11,0x8A11,0x8A11,0x8A11,0x8A11,0x8A11,0x8A11,0x8A11,0x8A11,0x8A11,0x8A11,0x8A11,
    0x8A11,0x8A11,0x8A11,0x8A11,0x8A11,0x8C0D,0x8C1D,0x8C36,0x8C4C,0x8C61,0x8C74,0x8C5F,0x8C58,0x8CAE,0x8CBD,0x8C7E,
    0x8C8E,0x8C9E,0x8C70,0x8C82,0x8CF2,0x8C5B,0x8E08,0x8E08,0x8E2D,0x0000,0x0000,0x0000,0x0000,0x0000,0x0000,0x0000,
    0x0000,0x0000,0x0000,0x0000,0x0000,0x0000,0x0000,0x0000,0x0000,0x0000,0x0000,0x0000,0x0000,0x0000,0x0000,0x0000,
    0x0000,0x0000,0x0000,0x0000,0x0000,0x0000,0x0000,0x0000,0x0000,0x0000,0x0000,0x0000,0x0000,0x0000,0x0000,0x0000,
    0x0000,0x0000,0x0000,0x0000,0x0000,0x0000,0x0000,0x0000,0x0000,0x0000,0x0000,0x0000,0x0000,0x0000,0x0000,0x0000,
    0x0000,0x0000,0x0000,0x0000,0x0000,0x0000,0x0000,0x0000,0x0000,0x0000,0x0000,0x0000,0x0000,0x0000,0x0000,0x0000,
    0x0000,0x0000,0x0000,0x0000,0x0000,0x0000,0x0000,0x0000,0x0000,0x0000,0x0000,0x0000,0x0000,0x0000,0x0000,0x0000,
    0x0000,0x0000,0x0000,0x0000,0x0000,0x0000,0x0000,0x0000,0x0000,0x0000,0x0000,0x0000,0x0000,0x0000,0x0000,0x0000,
    0x8010,0x8010,0x8010,0x8011,0x808B,0x808A,0x808A,0x808A,0x8089,0x808A,0x809F,0x80A0,0x80A1,0x80A2,0x808A,0x808C,
    0x8089,0x808A,0x808A,0x808A,0x808B,0x808A,0x808A,0x808A,0x8089,0x808A,0x808A,0x808A,0x808B,0x808A,0x808A,0x808A,
    0x8089,0x808A,0x808A,0x808A,0x808B,0x808A,0x808A,0x808A,0x8089,0x808A,0x808A,0x808A,0x808B,0x808A,0x808A,0x808A,
    0x8089,0x808A,0x808A,0x808A,0x808B,0x808A,0x808A,0x808A,0x8089,0x808A,0x809F,0x80A0,0x80A1,0x80A2,0x808A,0x808C,
    0x8089,0x808A,0x808A,0x820F,0x8224,0x820F,0x820F,0x820F,0x8223,0x820F,0x820F,0x820F,0x8224,0x820F,0x820F,0x820F,
    0x8223,0x820F,0x820F,0x820F,0x8224,0x820F,0x820F,0x820F,0x8223,0x820F,0x820F,0x820F,0x8224,0x8407,0x8407,0x8407,
    0x8409,0x8407,0x8407,0x8407,0x8406,0x8407,0x8407,0x8407,0x8409,0x8407,0x8407,0x8407,0x8406,0x8407,0x8407,0x8407,
    0x8409,0x8407,0x8407,0x8407,0x8406,0x8407,0x8407,0x860A,0x861A,0x860A,0x860A,0x860A,0x8619,0x860A,0x860A,0x860A,
    0x861A,0x860A,0x860A,0x860A,0x8619,0x860A,0x860A,0x860A,0x861A,0x860A,0x860A,0x860A,0x8619,0x860A,0x860A,0x860A,
    0x861A,0x8812,0x8812,0x8812,0x8814,0x8812,0x8812,0x8812,0x8813,0x8868,0x886B,0x886E,0x8872,0x8812,0x8812,0x8812,
    0x8813,0x8812,0x8812,0x8812,0x8814,0x8812,0x8812,0x8812,0x8813,0x8812,0x8812,0x8A12,0x8A21,0x8A12,0x8A12,0x8A12,
    0x8A53,0x8A12,0x8A12,0x8A12,0x8A21,0x8A12,0x8A12,0x8A12,0x8A53,0x8A12,0x8A12,0x8A12,0x8A21,0x8A12,0x8A12,0x8A12,
    0x8A53,0x8A12,0x8A12,0x8A12,0x8AC6,0x8C0E,0x8C1E,0x8C37,0x8C4C,0x8C62,0x8C75,0x8C85,0x8C5F,0x8CAF,0x8CBE,0x8C7F,
    0x8C8F,0x8C9F,0x8C71,0x8C7E,0x8C98,0x8CF7,0x8E08,0x8E08,0x8E2D,0x0000,0x0000,0x0000,0x0000,0x0000,0x0000,0x0000,
    0x0000,0x0000,0x0000,0x0000,0x0000,0x0000,0x0000,0x0000,0x0000,0x0000,0x0000,0x0000,0x0000,0x0000,0x0000,0x0000,
    0x0000,0x0000,0x0000,0x0000,0x0000,0x0000,0x0000,0x0000,0x0000,0x0000,0x0000,0x0000,0x0000,0x0000,0x0000,0x0000,
    0x0000,0x0000,0x0000,0x0000,0x0000,0x0000,0x0000,0x0000,0x0000,0x0000,0x0000,0x0000,0x0000,0x0000,0x0000,0x0000,
    0x0000,0x0000,0x0000,0x0000,0x0000,0x0000,0x0000,0x0000,0x0000,0x0000,0x0000,0x0000,0x0000,0x0000,0x0000,0x0000,
    0x0000,0x0000,0x0000,0x0000,0x0000,0x0000,0x0000,0x0000,0x0000,0x0000,0x0000,0x0000,0x0000,0x0000,0x0000,0x0000,
    0x0000,0x0000,0x0000,0x0000,0x0000,0x0000,0x0000,0x0000,0x0000,0x0000,0x0000,0x0000,0x0000,0x0000,0x0000,0x0000,
    0x8010,0x8010,0x8010,0x8010,0x808A,0x808B,0x808B,0x808A,0x808B,0x8089,0x808B,0x808A,0x808A,0x808B,0x808B,0x808A,
    0x808A,0x8089,0x808B,0x808A,0x808A,0x808B,0x808B,0x808A,0x808A,0x8089,0x808B,0x808A,0x808A,0x808B,0x808B,0x808A,
    0x808A,0x8089,0x808B,0x808A,0x808A,0x808B,0x808B,0x808A,0x808A,0x8089,0x808B,0x808A,0x808A,0x808B,0x808B,0x808A,
    0x808A,0x8089,0x808B,0x808A,0x808A,0x808B,0x808B,0x808A,0x808B,0x8089,0x808B,0x808A,0x808A,0x808B,0x808B,0x808A,
    0x808A,0x8089,0x808B,0x820F,0x820F,0x8224,0x8224,0x820F,0x820F,0x8223,0x8224,0x820F,0x820F,0x8224,0x8224,0x820F,
    0x820F,0x8223,0x8224,0x820F,0x820F,0x8224,0x8224,0x820F,0x820F,0x8223,0x8224,0x820F,0x820F,0x8406,0x8406,0x8407,
    0x8407,0x8409,0x8406,0x8407,0x8407,0x8406,0x8406,0x8407,0x8407,0x8409,0x8406,0x8407,0x8407,0x8406,0x8406,0x8407,
    0x8407,0x8409,0x8406,0x8407,0x8407,0x8406,0x8406,0x860A,0x860A,0x861A,0x8619,0x860A,0x860A,0x8619,0x8619,0x860A,
    0x860A,0x861A,0x8619,0x860A,0x860A,0x8619,0x8619,0x860A,0x860A,0x861A,0x8619,0x860A,0x860A,0x8619,0x8619,0x860A,
    0x860A,0x8813,0x8814,0x8812,0x8812,0x8814,0x8814,0x8812,0x8866,0x8869,0x886C,0x886F,0x8873,0x8875,0x8814,0x8812,
    0x8812,0x8813,0x8814,0x8812,0x8812,0x8814,0x8814,0x8812,0x8812,0x8813,0x8814,0x8A12,0x8A12,0x8A21,0x8A21,0x8A12,
    0x8A12,0x8A53,0x8A21,0x8A12,0x8A12,0x8A21,0x8A21,0x8A12,0x8A12,0x8A53,0x8A21,0x8A12,0x8A12,0x8A21,0x8A21,0x8A12,
    0x8A12,0x8A53,0x8A21,0x8A12,0x8AC7,0x8C0F,0x8C1F,0x8C38,0x8C4C,0x8C63,0x8C62,0x8C86,0x8C9B,0x8C5F,0x8CBF,0x8C80,
    0x8C90,0x8CA0,0x8C72,0x8C83,0x8C99,0x8CF8,0x8E09,0x8E08,0x8E2D,0x0000,0x0000,0x0000,0x0000,0x0000,0x0000,0x0000,
    0x0000,0x0000,0x0000,0x0000,0x0000,0x0000,0x0000,0x0000,0x0000,0x0000,0x0000,0x0000,0x0000,0x0000,0x0000,0x0000,
    0x0000,0x0000,0x0000,0x0000,0x0000,0x0000,0x0000,0x0000,0x0000,0x0000,0x0000,0x0000,0x0000,0x0000,0x0000,0x0000,
    0x0000,0x0000,0x0000,0x0000,0x0000,0x0000,0x0000,0x0000,0x0000,0x0000,0x0000,0x0000,0x0000,0x0000,0x0000,0x0000,
    0x0000,0x0000,0x0000,0x0000,0x0000,0x0000,0x0000,0x0000,0x0000,0x0000,0x0000,0x0000,0x0000,0x0000,0x0000,0x0000,
    0x0000,0x0000,0x0000,0x0000,0x0000,0x0000,0x0000,0x0000,0x0000,0x0000,0x0000,0x0000,0x0000,0x0000,0x0000,0x0000,
    0x0000,0x0000,0x0000,0x0000,0x0000,0x0000,0x0000,0x0000,0x0000,0x0000,0x0000,0x0000,0x0000,0x0000,0x0000,0x0000,
    0x8010,0x8010,0x8010,0x8010,0x808A,0x808B,0x808A,0x808A,0x808B,0x808B,0x8089,0x808A,0x808A,0x808B,0x808A,0x808A,
    0x808A,0x808B,0x8091,0x808A,0x808A,0x808B,0x808A,0x808A,0x808A,0x808B,0x8091,0x808A,0x808A,0x808B,0x808A,0x808A,
    0x808A,0x808B,0x8091,0x808A,0x808A,0x808B,0x808A,0x808A,0x808A,0x808B,0x8091,0x808A,0x808A,0x808B,0x808A,0x808A,
    0x808A,0x808B,0x8091,0x808A,0x808A,0x808B,0x808A,0x808A,0x808B,0x808B,0x8089,0x808A,0x808A,0x808B,0x808A,0x808A,
    0x808A,0x808B,0x8091,0x820F,0x820F,0x8224,0x820F,0x820F,0x820F,0x8224,0x8232,0x820F,0x820F,0x8224,0x820F,0x820F,
    0x820F,0x8224,0x8232,0x820F,0x820F,0x8224,0x820F,0x820F,0x820F,0x8224,0x8232,0x820F,0x820F,0x8406,0x8407,0x8407,
    0x8407,0x8406,0x8442,0x8407,0x8407,0x8406,0x8407,0x8407,0x8407,0x8406,0x8442,0x8407,0x8407,0x8406,0x8407,0x8407,
    0x8407,0x8406,0x8442,0x8407,0x8407,0x8406,0x8407,0x860A,0x860A,0x8619,0x862B,0x860A,0x860A,0x8619,0x860A,0x860A,
    0x860A,0x8619,0x862B,0x860A,0x860A,0x8619,0x860A,0x860A,0x860A,0x8619,0x862B,0x860A,0x860A,0x8619,0x860A,0x860A,
    0x860A,0x8814,0x8824,0x8812,0x8812,0x8814,0x8812,0x8812,0x8867,0x886A,0x886D,0x8870,0x8874,0x8876,0x8812,0x8812,
    0x8812,0x8814,0x8824,0x8812,0x8812,0x8814,0x8812,0x8812,0x8812,0x8814,0x8824,0x8A12,0x8A12,0x8A21,0x8A12,0x8A12,
    0x8A12,0x8A21,0x8A6A,0x8A12,0x8A12,0x8A21,0x8A12,0x8A12,0x8A12,0x8A21,0x8A6A,0x8A12,0x8A12,0x8A21,0x8A12,0x8A12,
    0x8A12,0x8A21,0x8A6A,0x8A12,0x8AC8,0x8C10,0x8C20,0x8C39,0x8C4C,0x8C64,0x8C76,0x8C86,0x8C9C,0x8CB0,0x8C5F,0x8C58,
    0x8C91,0x8CA1,0x8C73,0x8C84,0x8C9A,0x8CAC,0x8E0A,0x8E1E,0x8E2E,0x0000,0x0000,0x0000,0x0000,0x0000,0x0000,0x0000,
    0x0000,0x0000,0x0000,0x0000,0x0000,0x0000,0x0000,0x0000,0x0000,0x0000,0x0000,0x0000,0x0000,0x0000,0x0000,0x0000,
    0x0000,0x0000,0x0000,0x0000,0x0000,0x0000,0x0000,0x0000,0x0000,0x0000,0x0000,0x0000,0x0000,0x0000,0x0000,0x0000,
    0x0000,0x0000,0x0000,0x0000,0x0000,0x0000,0x0000,0x0000,0x0000,0x0000,0x0000,0x0000,0x0000,0x0000,0x0000,0x0000,
    0x0000,0x0000,0x0000,0x0000,0x0000,0x0000,0x0000,0x0000,0x0000,0x0000,0x0000,0x0000,0x0000,0x0000,0x0000,0x0000,
    0x0000,0x0000,0x0000,0x0000,0x0000,0x0000,0x0000,0x0000,0x0000,0x0000,0x0000,0x0000,0x0000,0x0000,0x0000,0x0000,
    0x0000,0x0000,0x0000,0x0000,0x0000,0x0000,0x0000,0x0000,0x0000,0x0000,0x0000,0x0000,0x0000,0x0000,0x0000,0x0000,
    0x8000,0x8000,0x8000,0x8000,0x8096,0x8097,0x8096,0x8096,0x8096,0x8097,0x8096,0x8098,0x8096,0x8097,0x8096,0x8096,
    0x8096,0x80A3,0x80A4,0x8098,0x8096,0x8097,0x8096,0x8096,0x8096,0x8097,0x8096,0x8098,0x8096,0x8097,0x8096,0x8096,
    0x8096,0x8097,0x8096,0x8098,0x8096,0x8097,0x8096,0x8096,0x8096,0x8097,0x8096,0x8098,0x8096,0x8097,0x8096,0x8096,
    0x8096,0x80A3,0x80A4,0x8098,0x8096,0x8097,0x8096,0x8096,0x8096,0x8097,0x8096,0x8098,0x8096,0x8097,0x8096,0x8096,
    0x8096,0x8097,0x8096,0x8211,0x8210,0x822D,0x8210,0x8210,0x8210,0x822D,0x8210,0x8211,0x8210,0x822D,0x8210,0x8210,
    0x8210,0x8283,0x828F,0x8211,0x8210,0x822D,0x8210,0x8210,0x8210,0x822D,0x8210,0x8211,0x8210,0x840A,0x8416,0x8416,
    0x8416,0x840A,0x8416,0x8422,0x8416,0x840A,0x8416,0x8416,0x8416,0x840A,0x8416,0x8422,0x8416,0x840A,0x8416,0x8416,
    0x8416,0x84AA,0x84AF,0x8422,0x8416,0x840A,0x8416,0x860C,0x860C,0x8623,0x860C,0x860B,0x860C,0x8623,0x860C,0x860C,
    0x860C,0x8623,0x860C,0x860B,0x860C,0x8623,0x860C,0x860C,0x860C,0x8623,0x860C,0x860B,0x860C,0x8623,0x860C,0x860C,
    0x860C,0x8815,0x8825,0x8833,0x883D,0x8848,0x883D,0x883D,0x883D,0x8848,0x883D,0x8871,0x883D,0x8848,0x883D,0x883D,
    0x883D,0x8848,0x883D,0x8833,0x883D,0x8848,0x883D,0x883D,0x883D,0x8848,0x883D,0x8A13,0x8A22,0x8A2D,0x8A22,0x8A22,
    0x8A22,0x8A2D,0x8A22,0x8A13,0x8A22,0x8A2D,0x8A22,0x8A22,0x8A22,0x8A2D,0x8A22,0x8A13,0x8A22,0x8A2D,0x8A22,0x8A22,
    0x8A22,0x8A2D,0x8A22,0x8A13,0x8A22,0x8C11,0x8C21,0x8C3A,0x8C4D,0x8C65,0x8C77,0x8C87,0x8C9C,0x8CB1,0x8CB0,0x8C5F,
    0x8C58,0x8CA2,0x8C6E,0x8C7E,0x8C8E,0x8C9E,0x8E0B,0x8E1F,0x8E2F,0x0000,0x0000,0x0000,0x0000,0x0000,0x0000,0x0000,
    0x0000,0x0000,0x0000,0x0000,0x0000,0x0000,0x0000,0x0000,0x0000,0x0000,0x0000,0x0000,0x0000,0x0000,0x0000,0x0000,
    0x0000,0x0000,0x0000,0x0000,0x0000,0x0000,0x0000,0x0000,0x0000,0x0000,0x0000,0x0000,0x0000,0x0000,0x0000,0x0000,
    0x0000,0x0000,0x0000,0x0000,0x0000,0x0000,0x0000,0x0000,0x0000,0x0000,0x0000,0x0000,0x0000,0x0000,0x0000,0x0000,
    0x0000,0x0000,0x0000,0x0000,0x0000,0x0000,0x0000,0x0000,0x0000,0x0000,0x0000,0x0000,0x0000,0x0000,0x0000,0x0000,
    0x0000,0x0000,0x0000,0x0000,0x0000,0x0000,0x0000,0x0000,0x0000,0x0000,0x0000,0x0000,0x0000,0x0000,0x0000,0x0000,
    0x0000,0x0000,0x0000,0x0000,0x0000,0x0000,0x0000,0x0000,0x0000,0x0000,0x0000,0x0000,0x0000,0x0000,0x0000,0x0000,
    0x8010,0x8010,0x8010,0x8011,0x80A5,0x80A6,0x80A7,0x80A8,0x80A5,0x80A6,0x80A7,0x80A8,0x80A5,0x80A6,0x80A7,0x80A8,
    0x80A5,0x80A6,0x80A7,0x80A8,0x80A5,0x80A6,0x80A7,0x80A8,0x80A5,0x80A6,0x80A7,0x80A8,0x80A5,0x80A6,0x80A7,0x80A8,
    0x80A5,0x80A6,0x80A7,0x80A8,0x80A5,0x80A6,0x80A7,0x80A8,0x80A5,0x80A6,0x80A7,0x80A8,0x80A5,0x80A6,0x80A7,0x80A8,
    0x80A5,0x80A6,0x80A7,0x80A8,0x80A5,0x80A6,0x80A7,0x80A8,0x80A5,0x80A6,0x80A7,0x80A8,0x80A5,0x80A6,0x80A7,0x80A8,
    0x80A5,0x80A6,0x80A7,0x8212,0x8225,0x822E,0x8233,0x8212,0x8225,0x822E,0x8233,0x8212,0x8225,0x822E,0x8233,0x8212,
    0x8225,0x822E,0x8233,0x8212,0x8225,0x822E,0x8233,0x8212,0x8225,0x822E,0x8233,0x8212,0x8225,0x840B,0x8417,0x8423,
    0x842F,0x840B,0x8417,0x8423,0x842F,0x840B,0x8417,0x8423,0x842F,0x840B,0x8417,0x8423,0x842F,0x840B,0x8417,0x8423,
    0x842F,0x840B,0x8417,0x8423,0x842F,0x840B,0x8417,0x860D,0x861B,0x8624,0x862C,0x860D,0x861B,0x8624,0x862C,0x860D,
    0x861B,0x8624,0x862C,0x860D,0x861B,0x8624,0x862C,0x860D,0x861B,0x8624,0x862C,0x860D,0x861B,0x8624,0x862C,0x860D,
    0x861B,0x8816,0x8826,0x8834,0x883E,0x8816,0x8826,0x8834,0x883E,0x8816,0x8826,0x8834,0x883E,0x8816,0x8826,0x8834,
    0x883E,0x8816,0x8826,0x8834,0x883E,0x8816,0x8826,0x8834,0x883E,0x8816,0x8826,0x8A14,0x8A23,0x8A2E,0x8A39,0x8A14,
    0x8A54,0x8A2E,0x8A39,0x8A75,0x8A7A,0x8A12,0x8A12,0x8A12,0x8A21,0x8A12,0x8A12,0x8A12,0x8A53,0x8A12,0x8A12,0x8A12,
    0x8A12,0x8A21,0x8A21,0x8A12,0x8A53,0x8C12,0x8C22,0x8C3B,0x8C4E,0x8C66,0x8C78,0x8C88,0x8C9C,0x8CB1,0x8CB1,0x8CB0,
    0x8C5F,0x8CA3,0x8C57,0x8CEC,0x8CF3,0x8CF9,0x8E0C,0x8E1B,0x8E29,0x8E42,0x8E4B,0x8E55,0x8E5E,0x8E69,0x8E76,0x8E7A,
    0x8E05,0x9000,0x9022,0x903D,0x904F,0x905A,0x906B,0x907B,0x9088,0x0000,0x0000,0x0000,0x0000,0x0000,0x0000,0x0000,
    0x0000,0x0000,0x0000,0x0000,0x0000,0x0000,0x0000,0x0000,0x0000,0x0000,0x0000,0x0000,0x0000,0x0000,0x0000,0x0000,
    0x0000,0x0000,0x0000,0x0000,0x0000,0x0000,0x0000,0x0000,0x0000,0x0000,0x0000,0x0000,0x0000,0x0000,0x0000,0x0000,
    0x0000,0x0000,0x0000,0x0000,0x0000,0x0000,0x0000,0x0000,0x0000,0x0000,0x0000,0x0000,0x0000,0x0000,0x0000,0x0000,
    0x0000,0x0000,0x0000,0x0000,0x0000,0x0000,0x0000,0x0000,0x0000,0x0000,0x0000,0x0000,0x0000,0x0000,0x0000,0x0000,
    0x0000,0x0000,0x0000,0x0000,0x0000,0x0000,0x0000,0x0000,0x0000,0x0000,0x0000,0x0000,0x0000,0x0000,0x0000,0x0000,
    0x8010,0x8010,0x8010,0x8010,0x80A9,0x80AA,0x80AB,0x80AC,0x80A9,0x80AA,0x80AB,0x80AC,0x80A9,0x80AA,0x80AB,0x80AC,
    0x80A9,0x80AA,0x80AB,0x80AC,0x80A9,0x80AA,0x80AB,0x80AC,0x80A9,0x80AA,0x80AB,0x80AC,0x80A9,0x80AA,0x80AB,0x80AC,
    0x80A9,0x80AA,0x80AB,0x80AC,0x80A9,0x80AA,0x80AB,0x80AC,0x80A9,0x80AA,0x80AB,0x80AC,0x80A9,0x80AA,0x80AB,0x80AC,
    0x80A9,0x80AA,0x80AB,0x80AC,0x80A9,0x80AA,0x80AB,0x80AC,0x80A9,0x80AA,0x80AB,0x80AC,0x80A9,0x80AA,0x80AB,0x80AC,
    0x80A9,0x80AA,0x80AB,0x8213,0x8226,0x822F,0x8234,0x8213,0x8226,0x822F,0x8234,0x8213,0x8226,0x822F,0x8234,0x8213,
    0x8226,0x822F,0x8234,0x8213,0x8226,0x822F,0x8234,0x8213,0x8226,0x822F,0x8234,0x8213,0x8226,0x840C,0x8418,0x8424,
    0x8430,0x840C,0x8418,0x8424,0x8430,0x840C,0x8418,0x8424,0x8430,0x840C,0x8418,0x8424,0x8430,0x840C,0x8418,0x8424,
    0x8430,0x840C,0x8418,0x8424,0x8430,0x840C,0x8418,0x860E,0x861C,0x8625,0x862D,0x860E,0x861C,0x8625,0x862D,0x860E,
    0x861C,0x8625,0x862D,0x860E,0x861C,0x8625,0x862D,0x860E,0x861C,0x8625,0x862D,0x860E,0x861C,0x8625,0x862D,0x860E,
    0x861C,0x8817,0x8827,0x8835,0x883F,0x8817,0x8827,0x8835,0x883F,0x8817,0x8827,0x8835,0x883F,0x8817,0x8827,0x8835,
    0x883F,0x8817,0x8827,0x8835,0x883F,0x8878,0x8879,0x887A,0x887B,0x887C,0x887D,0x8A15,0x8A24,0x8A2F,0x8A3A,0x8A15,
    0x8A24,0x8A2F,0x8A3A,0x8A76,0x8A7B,0x8A7A,0x8A21,0x8A12,0x8A12,0x8A21,0x8A21,0x8A12,0x8A12,0x8A53,0x8A21,0x8A12,
    0x8A21,0x8A12,0x8A12,0x8A21,0x8A12,0x8C13,0x8C23,0x8C3C,0x8C4F,0x8C67,0x8C79,0x8C89,0x8C9C,0x8CB1,0x8CB1,0x8CB1,
    0x8C9B,0x8C5F,0x8C58,0x8CED,0x8CF4,0x8CA0,0x8E00,0x8E1B,0x8E29,0x8E43,0x8E4C,0x8E56,0x8E5F,0x8E6A,0x8E63,0x8E7B,
    0x8E06,0x9001,0x9023,0x903E,0x904F,0x905B,0x906C,0x907C,0x9089,0x0000,0x0000,0x0000,0x0000,0x0000,0x0000,0x0000,
    0x0000,0x0000,0x0000,0x0000,0x0000,0x0000,0x0000,0x0000,0x0000,0x0000,0x0000,0x0000,0x0000,0x0000,0x0000,0x0000,
    0x0000,0x0000,0x0000,0x0000,0x0000,0x0000,0x0000,0x0000,0x0000,0x0000,0x0000,0x0000,0x0000,0x0000,0x0000,0x0000,
    0x0000,0x0000,0x0000,0x0000,0x0000,0x0000,0x0000,0x0000,0x0000,0x0000,0x0000,0x0000,0x0000,0x0000,0x0000,0x0000,
    0x0000,0x0000,0x0000,0x0000,0x0000,0x0000,0x0000,0x0000,0x0000,0x0000,0x0000,0x0000,0x0000,0x0000,0x0000,0x0000,
    0x0000,0x0000,0x0000,0x0000,0x0000,0x0000,0x0000,0x0000,0x0000,0x0000,0x0000,0x0000,0x0000,0x0000,0x0000,0x0000,
    0x8010,0x8010,0x8010,0x8010,0x8010,0x8010,0x8010,0x8010,0x8010,0x8010,0x8010,0x8010,0x8010,0x8010,0x8010,0x8010,
    0x8010,0x8010,0x8010,0x8010,0x8010,0x8010,0x8010,0x8010,0x8010,0x8010,0x8010,0x8010,0x8010,0x8010,0x8010,0x8010,
    0x8010,0x8010,0x8010,0x8010,0x8010,0x8010,0x8010,0x8010,0x8010,0x8010,0x8010,0x8010,0x8010,0x8010,0x8010,0x8010,
    0x8010,0x8010,0x8010,0x8010,0x8010,0x8010,0x8010,0x8010,0x8010,0x8010,0x8010,0x8010,0x8010,0x8010,0x8010,0x8010,
    0x8010,0x8010,0x8010,0x8214,0x8214,0x8214,0x8214,0x8214,0x8214,0x8214,0x8214,0x8214,0x8214,0x8214,0x8214,0x8214,
    0x8214,0x8214,0x8214,0x8214,0x8214,0x8214,0x8214,0x8214,0x8214,0x8214,0x8214,0x8214,0x8214,0x840D,0x840D,0x840D,
    0x840D,0x840D,0x840D,0x840D,0x840D,0x840D,0x840D,0x840D,0x840D,0x840D,0x840D,0x840D,0x840D,0x840D,0x840D,0x840D,
    0x840D,0x840D,0x840D,0x840D,0x840D,0x840D,0x840D,0x860F,0x860F,0x860F,0x860F,0x860F,0x860F,0x860F,0x860F,0x860F,
    0x860F,0x860F,0x860F,0x860F,0x860F,0x860F,0x860F,0x860F,0x860F,0x860F,0x860F,0x860F,0x860F,0x860F,0x860F,0x860F,
    0x860F,0x8808,0x8808,0x8808,0x8808,0x8808,0x8808,0x8808,0x8808,0x8808,0x8808,0x8808,0x8808,0x8808,0x8808,0x8808,
    0x8808,0x8808,0x8808,0x8808,0x8808,0x8808,0x8808,0x8808,0x8808,0x8808,0x8808,0x8A08,0x8A08,0x8A08,0x8A08,0x8A08,
    0x8A08,0x8A08,0x8A08,0x8A08,0x8A7C,0x8A7F,0x8A6A,0x8A12,0x8A12,0x8A21,0x8A12,0x8A12,0x8A12,0x8A21,0x8A6A,0x8A12,
    0x8A21,0x8A12,0x8AC2,0x8AC3,0x8AC9,0x8C05,0x8C05,0x8C05,0x8C50,0x8C68,0x8C7A,0x8C8A,0x8C9C,0x8CB1,0x8CB1,0x8CB1,
    0x8C9C,0x8CB0,0x8C5F,0x8C58,0x8C91,0x8CA1,0x8E01,0x8E1B,0x8E29,0x8E43,0x8E4D,0x8E57,0x8E60,0x8E6B,0x8E77,0x8E7B,
    0x8E07,0x9002,0x9024,0x903F,0x904F,0x905A,0x906D,0x907C,0x907E,0x0000,0x0000,0x0000,0x0000,0x0000,0x0000,0x0000,
    0x0000,0x0000,0x0000,0x0000,0x0000,0x0000,0x0000,0x0000,0x0000,0x0000,0x0000,0x0000,0x0000,0x0000,0x0000,0x0000,
    0x0000,0x0000,0x0000,0x0000,0x0000,0x0000,0x0000,0x0000,0x0000,0x0000,0x0000,0x0000,0x0000,0x0000,0x0000,0x0000,
    0x0000,0x0000,0x0000,0x0000,0x0000,0x0000,0x0000,0x0000,0x0000,0x0000,0x0000,0x0000,0x0000,0x0000,0x0000,0x0000,
    0x0000,0x0000,0x0000,0x0000,0x0000,0x0000,0x0000,0x0000,0x0000,0x0000,0x0000,0x0000,0x0000,0x0000,0x0000,0x0000,
    0x0000,0x0000,0x0000,0x0000,0x0000,0x0000,0x0000,0x0000,0x0000,0x0000,0x0000,0x0000,0x0000,0x0000,0x0000,0x0000,
    0x8000,0x8000,0x8000,0x8000,0x8010,0x8010,0x8010,0x8010,0x8010,0x8010,0x8010,0x8010,0x8010,0x8010,0x8010,0x8010,
    0x8010,0x8010,0x8010,0x8010,0x8010,0x8010,0x8010,0x8010,0x8010,0x8010,0x8010,0x8010,0x8010,0x8010,0x8010,0x8010,
    0x8010,0x8010,0x8010,0x8010,0x8010,0x8010,0x8010,0x8010,0x8010,0x8010,0x8010,0x8010,0x8010,0x8010,0x8010,0x8010,
    0x8010,0x8010,0x8010,0x8010,0x8010,0x8010,0x8010,0x8010,0x8010,0x8010,0x8010,0x8010,0x8010,0x8010,0x8010,0x8010,
    0x8010,0x8010,0x8010,0x8214,0x8214,0x8214,0x8214,0x8214,0x8214,0x8214,0x8214,0x8214,0x8214,0x8214,0x8214,0x8214,
    0x8214,0x8214,0x8214,0x8214,0x8214,0x8214,0x8214,0x8214,0x8214,0x8214,0x8214,0x8214,0x8214,0x840D,0x840D,0x840D,
    0x840D,0x840D,0x840D,0x840D,0x840D,0x840D,0x840D,0x840D,0x840D,0x840D,0x840D,0x840D,0x840D,0x840D,0x840D,0x840D,
    0x840D,0x840D,0x840D,0x840D,0x840D,0x840D,0x840D,0x860F,0x860F,0x860F,0x860F,0x860F,0x860F,0x860F,0x860F,0x860F,
    0x860F,0x860F,0x860F,0x860F,0x860F,0x860F,0x860F,0x860F,0x860F,0x860F,0x860F,0x860F,0x860F,0x860F,0x860F,0x860F,
    0x860F,0x8808,0x8808,0x8808,0x8808,0x8808,0x8808,0x8808,0x8808,0x8808,0x8808,0x8808,0x8808,0x8808,0x8808,0x8808,
    0x8808,0x8808,0x8808,0x8808,0x8808,0x8808,0x8808,0x8808,0x8808,0x8808,0x8808,0x8A08,0x8A08,0x8A08,0x8A08,0x8A08,
    0x8A08,0x8A08,0x8A08,0x8A08,0x8A08,0x8A80,0x8A88,0x8A92,0x8A22,0x8A2D,0x8A22,0x8A22,0x8A22,0x8A2D,0x8A22,0x8A13,
    0x8A22,0x8A22,0x8A22,0x8AC4,0x8ACA,0x8C05,0x8C05,0x8C05,0x8C51,0x8C69,0x8C7B,0x8C86,0x8C9C,0x8CB1,0x8CB1,0x8CB1,
    0x8C9C,0x8CB1,0x8CB0,0x8C5F,0x8C58,0x8CA2,0x8E02,0x8E1B,0x8E29,0x8E44,0x8E4D,0x8E58,0x8E61,0x8E6C,0x8E78,0x8E7B,
    0x8E08,0x9003,0x9025,0x9040,0x904F,0x905B,0x906E,0x906D,0x907D,0x0000,0x0000,0x0000,0x0000,0x0000,0x0000,0x0000,
    0x0000,0x0000,0x0000,0x0000,0x0000,0x0000,0x0000,0x0000,0x0000,0x0000,0x0000,0x0000,0x0000,0x0000,0x0000,0x0000,
    0x0000,0x0000,0x0000,0x0000,0x0000,0x0000,0x0000,0x0000,0x0000,0x0000,0x0000,0x0000,0x0000,0x0000,0x0000,0x0000,
    0x0000,0x0000,0x0000,0x0000,0x0000,0x0000,0x0000,0x0000,0x0000,0x0000,0x0000,0x0000,0x0000,0x0000,0x0000,0x0000,
    0x0000,0x0000,0x0000,0x0000,0x0000,0x0000,0x0000,0x0000,0x0000,0x0000,0x0000,0x0000,0x0000,0x0000,0x0000,0x0000,
    0x0000,0x0000,0x0000,0x0000,0x0000,0x0000,0x0000,0x0000,0x0000,0x0000,0x0000,0x0000,0x0000,0x0000,0x0000,0x0000,
    0x0000,0x0000,0x0000,0x0000,0x0000,0x0000,0x0000,0x0000,0x0000,0x0000,0x0000,0x0000,0x0000,0x0000,0x0000,0x0000,
    0x0000,0x0000,0x0000,0x0000,0x0000,0x0000,0x0000,0x0000,0x0000,0x0000,0x0000,0x0000,0x0000,0x0000,0x0000,0x0000,
    0x0000,0x0000,0x0000,0x0000,0x0000,0x0000,0x0000,0x0000,0x0000,0x0000,0x0000,0x0000,0x0000,0x0000,0x0000,0x0000,
    0x0000,0x0000,0x0000,0x0000,0x0000,0x0000,0x0000,0x0000,0x0000,0x0000,0x0000,0x0000,0x0000,0x0000,0x0000,0x0000,
    0x0000,0x0000,0x0000,0x0000,0x0000,0x0000,0x0000,0x0000,0x0000,0x0000,0x0000,0x0000,0x0000,0x0000,0x0000,0x0000,
    0x0000,0x0000,0x0000,0x0000,0x0000,0x0000,0x0000,0x0000,0x0000,0x0000,0x0000,0x0000,0x0000,0x0000,0x0000,0x0000,
    0x0000,0x0000,0x0000,0x0000,0x0000,0x0000,0x0000,0x0000,0x0000,0x0000,0x0000,0x0000,0x0000,0x0000,0x0000,0x0000,
    0x0000,0x0000,0x0000,0x0000,0x0000,0x0000,0x0000,0x0000,0x0000,0x0000,0x0000,0x0000,0x0000,0x0000,0x0000,0x0000,
    0x0000,0x0000,0x0000,0x0000,0x0000,0x0000,0x0000,0x0000,0x0000,0x0000,0x0000,0x0000,0x0000,0x0000,0x0000,0x0000,
    0x0000,0x0000,0x0000,0x0000,0x0000,0x0000,0x0000,0x0000,0x0000,0x0000,0x0000,0x0000,0x8877,0x8808,0x8808,0x8808,
    0x8808,0x8808,0x8808,0x8808,0x8808,0x8808,0x8808,0x8808,0x8808,0x8808,0x8A08,0x8A08,0x8A08,0x8A08,0x8A08,0x8A08,
    0x8A08,0x8A08,0x8A08,0x8A08,0x8A08,0x8A08,0x8A93,0x8A9F,0x8A7A,0x8A12,0x8A12,0x8A12,0x8A21,0x8A12,0x8A12,0x8A12,
    0x8A53,0x8A12,0x8A12,0x8A12,0x8C14,0x8C24,0x8C05,0x8C05,0x8C6A,0x8C7C,0x8C8B,0x8C86,0x8C9C,0x8CB1,0x8CB1,0x8CB1,
    0x8C9C,0x8CB1,0x8CB1,0x8CB0,0x8C5F,0x8CA3,0x8E03,0x8E20,0x8E29,0x8E43,0x8E4E,0x8E59,0x8E62,0x8E6D,0x8E79,0x8E7C,
    0x8E08,0x9004,0x9003,0x9041,0x904F,0x905A,0x906F,0x907B,0x9088,0x0000,0x0000,0x0000,0x0000,0x0000,0x0000,0x0000,
    0x0000,0x0000,0x0000,0x0000,0x0000,0x0000,0x0000,0x0000,0x0000,0x0000,0x0000,0x0000,0x0000,0x0000,0x0000,0x0000,
    0x0000,0x0000,0x0000,0x0000,0x0000,0x0000,0x0000,0x0000,0x0000,0x0000,0x0000,0x0000,0x0000,0x0000,0x0000,0x0000,
    0x0000,0x0000,0x0000,0x0000,0x0000,0x0000,0x0000,0x0000,0x0000,0x0000,0x0000,0x0000,0x0000,0x0000,0x0000,0x0000,
    0x0000,0x0000,0x0000,0x0000,0x0000,0x0000,0x0000,0x0000,0x0000,0x0000,0x0000,0x0000,0x0000,0x0000,0x0000,0x0000,
    0x0000,0x0000,0x0000,0x0000,0x0000,0x0000,0x0000,0x0000,0x0000,0x0000,0x0000,0x0000,0x0000,0x0000,0x0000,0x0000,
    0x0000,0x0000,0x0000,0x0000,0x0000,0x0000,0x0000,0x0000,0x0000,0x0000,0x0000,0x0000,0x0000,0x0000,0x0000,0x0000,
    0x0000,0x0000,0x0000,0x0000,0x0000,0x0000,0x0000,0x0000,0x0000,0x0000,0x0000,0x0000,0x0000,0x0000,0x0000,0x0000,
    0x0000,0x0000,0x0000,0x0000,0x0000,0x0000,0x0000,0x0000,0x0000,0x0000,0x0000,0x0000,0x0000,0x0000,0x0000,0x0000,
    0x0000,0x0000,0x0000,0x0000,0x0000,0x0000,0x0000,0x0000,0x0000,0x0000,0x0000,0x0000,0x0000,0x0000,0x0000,0x0000,
    0x0000,0x0000,0x0000,0x0000,0x0000,0x0000,0x0000,0x0000,0x0000,0x0000,0x0000,0x0000,0x0000,0x0000,0x0000,0x0000,
    0x0000,0x0000,0x0000,0x0000,0x0000,0x0000,0x0000,0x0000,0x0000,0x0000,0x0000,0x0000,0x0000,0x0000,0x0000,0x0000,
    0x0000,0x0000,0x0000,0x0000,0x0000,0x0000,0x0000,0x0000,0x0000,0x0000,0x0000,0x0000,0x0000,0x0000,0x0000,0x0000,
    0x0000,0x0000,0x0000,0x0000,0x0000,0x0000,0x0000,0x0000,0x0000,0x0000,0x0000,0x0000,0x0000,0x0000,0x0000,0x0000,
    0x0000,0x0000,0x0000,0x0000,0x0000,0x0000,0x0000,0x0000,0x0000,0x0000,0x0000,0x0000,0x0000,0x0000,0x0000,0x0000,
    0x0000,0x0000,0x0000,0x0000,0x0000,0x0000,0x0000,0x0000,0x0000,0x0000,0x0000,0x0000,0x8C25,0x8C05,0x8C05,0x8C05,
    0x8C05,0x8C05,0x8C05,0x8C05,0x8C05,0x8C05,0x8C05,0x8C05,0x8C05,0x8C05,0x8C05,0x8C05,0x8C05,0x8C05,0x8C05,0x8C05,
    0x8C05,0x8C05,0x8C05,0x8C05,0x8C05,0x8C05,0x8C05,0x8C26,0x8C27,0x8C28,0x8C29,0x8C12,0x8C12,0x8C29,0x8C29,0x8C12,
    0x8C12,0x8C13,0x8C29,0x8C12,0x8C12,0x8C14,0x8C24,0x8C05,0x8C7D,0x8C8C,0x8C9D,0x8CB2,0x8C9C,0x8CB1,0x8CB1,0x8CB1,
    0x8C9C,0x8CB1,0x8CB1,0x8CB1,0x8CF5,0x8C5F,0x8E04,0x8E21,0x8E30,0x8E44,0x8E4F,0x8E5A,0x8E63,0x8E6E,0x8E4C,0x8E7D,
    0x8E08,0x9004,0x9004,0x9042,0x904F,0x905B,0x906C,0x907C,0x9089,0x0000,0x0000,0x0000,0x0000,0x0000,0x0000,0x0000,
    0x0000,0x0000,0x0000,0x0000,0x0000,0x0000,0x0000,0x0000,0x0000,0x0000,0x0000,0x0000,0x0000,0x0000,0x0000,0x0000,
    0x0000,0x0000,0x0000,0x0000,0x0000,0x0000,0x0000,0x0000,0x0000,0x0000,0x0000,0x0000,0x0000,0x0000,0x0000,0x0000,
    0x0000,0x0000,0x0000,0x0000,0x0000,0x0000,0x0000,0x0000,0x0000,0x0000,0x0000,0x0000,0x0000,0x0000,0x0000,0x0000,
    0x0000,0x0000,0x0000,0x0000,0x0000,0x0000,0x0000,0x0000,0x0000,0x0000,0x0000,0x0000,0x0000,0x0000,0x0000,0x0000,
    0x0000,0x0000,0x0000,0x0000,0x0000,0x0000,0x0000,0x0000,0x0000,0x0000,0x0000,0x0000,0x0000,0x0000,0x0000,0x0000,
    0x0000,0x0000,0x0000,0x0000,0x0000,0x0000,0x0000,0x0000,0x0000,0x0000,0x0000,0x0000,0x0000,0x0000,0x0000,0x0000,
    0x0000,0x0000,0x0000,0x0000,0x0000,0x0000,0x0000,0x0000,0x0000,0x0000,0x0000,0x0000,0x0000,0x0000,0x0000,0x0000,
    0x0000,0x0000,0x0000,0x0000,0x0000,0x0000,0x0000,0x0000,0x0000,0x0000,0x0000,0x0000,0x0000,0x0000,0x0000,0x0000,
    0x0000,0x0000,0x0000,0x0000,0x0000,0x0000,0x0000,0x0000,0x0000,0x0000,0x0000,0x0000,0x0000,0x0000,0x0000,0x0000,
    0x0000,0x0000,0x0000,0x0000,0x0000,0x0000,0x0000,0x0000,0x0000,0x0000,0x0000,0x0000,0x0000,0x0000,0x0000,0x0000,
    0x0000,0x0000,0x0000,0x0000,0x0000,0x0000,0x0000,0x0000,0x0000,0x0000,0x0000,0x0000,0x0000,0x0000,0x0000,0x0000,
    0x0000,0x0000,0x0000,0x0000,0x0000,0x0000,0x0000,0x0000,0x0000,0x0000,0x0000,0x0000,0x0000,0x0000,0x0000,0x0000,
    0x0000,0x0000,0x0000,0x0000,0x0000,0x0000,0x0000,0x0000,0x0000,0x0000,0x0000,0x0000,0x0000,0x0000,0x0000,0x0000,
    0x0000,0x0000,0x0000,0x0000,0x0000,0x0000,0x0000,0x0000,0x0000,0x0000,0x0000,0x0000,0x0000,0x0000,0x0000,0x0000,
    0x0000,0x0000,0x0000,0x0000,0x0000,0x0000,0x0000,0x0000,0x0000,0x0000,0x0000,0x0000,0x8C25,0x8C05,0x8C05,0x8C05,
    0x8C05,0x8C05,0x8C05,0x8C05,0x8C05,0x8C05,0x8C05,0x8C05,0x8C05,0x8C05,0x8C05,0x8C05,0x8C05,0x8C05,0x8C05,0x8C05,
    0x8C05,0x8C05,0x8C05,0x8C05,0x8C05,0x8C05,0x8C05,0x8C05,0x8C3D,0x8C3E,0x8C3F,0x8C12,0x8C12,0x8C29,0x8C12,0x8C12,
    0x8C12,0x8C29,0x8C3F,0x8C12,0x8C12,0x8C29,0x8C6B,0x8C24,0x8C05,0x8C7D,0x8C8C,0x8CC0,0x8CCC,0x8CB1,0x8CB1,0x8CB1,
    0x8C9C,0x8CB1,0x8CB1,0x8CB1,0x8CF6,0x8CFA,0x8E0D,0x8E22,0x8E31,0x8E45,0x8E50,0x8E5B,0x8E64,0x8E6F,0x8E4D,0x8E7E,
    0x8E08,0x9004,0x9004,0x9042,0x904F,0x905A,0x906D,0x907C,0x907E,0x0000,0x0000,0x0000,0x0000,0x0000,0x0000,0x0000,
    0x0000,0x0000,0x0000,0x0000,0x0000,0x0000,0x0000,0x0000,0x0000,0x0000,0x0000,0x0000,0x0000,0x0000,0x0000,0x0000,
    0x0000,0x0000,0x0000,0x0000,0x0000,0x0000,0x0000,0x0000,0x0000,0x0000,0x0000,0x0000,0x0000,0x0000,0x0000,0x0000,
    0x0000,0x0000,0x0000,0x0000,0x0000,0x0000,0x0000,0x0000,0x0000,0x0000,0x0000,0x0000,0x0000,0x0000,0x0000,0x0000,
    0x0000,0x0000,0x0000,0x0000,0x0000,0x0000,0x0000,0x0000,0x0000,0x0000,0x0000,0x0000,0x0000,0x0000,0x0000,0x0000,
    0x0000,0x0000,0x0000,0x0000,0x0000,0x0000,0x0000,0x0000,0x0000,0x0000,0x0000,0x0000,0x0000,0x0000,0x0000,0x0000,
    0x0000,0x0000,0x0000,0x0000,0x0000,0x0000,0x0000,0x0000,0x0000,0x0000,0x0000,0x0000,0x0000,0x0000,0x0000,0x0000,
    0x0000,0x0000,0x0000,0x0000,0x0000,0x0000,0x0000,0x0000,0x0000,0x0000,0x0000,0x0000,0x0000,0x0000,0x0000,0x0000,
    0x0000,0x0000,0x0000,0x0000,0x0000,0x0000,0x0000,0x0000,0x0000,0x0000,0x0000,0x0000,0x0000,0x0000,0x0000,0x0000,
    0x0000,0x0000,0x0000,0x0000,0x0000,0x0000,0x0000,0x0000,0x0000,0x0000,0x0000,0x0000,0x0000,0x0000,0x0000,0x0000,
    0x0000,0x0000,0x0000,0x0000,0x0000,0x0000,0x0000,0x0000,0x0000,0x0000,0x0000,0x0000,0x0000,0x0000,0x0000,0x0000,
    0x0000,0x0000,0x0000,0x0000,0x0000,0x0000,0x0000,0x0000,0x0000,0x0000,0x0000,0x0000,0x0000,0x0000,0x0000,0x0000,
    0x0000,0x0000,0x0000,0x0000,0x0000,0x0000,0x0000,0x0000,0x0000,0x0000,0x0000,0x0000,0x0000,0x0000,0x0000,0x0000,
    0x0000,0x0000,0x0000,0x0000,0x0000,0x0000,0x0000,0x0000,0x0000,0x0000,0x0000,0x0000,0x0000,0x0000,0x0000,0x0000,
    0x0000,0x0000,0x0000,0x0000,0x0000,0x0000,0x0000,0x0000,0x0000,0x0000,0x0000,0x0000,0x0000,0x0000,0x0000,0x0000,
    0x0000,0x0000,0x0000,0x0000,0x0000,0x0000,0x0000,0x0000,0x0000,0x0000,0x0000,0x0000,0x8C25,0x8C05,0x8C05,0x8C05,
    0x8C05,0x8C05,0x8C05,0x8C05,0x8C05,0x8C05,0x8C05,0x8C05,0x8C05,0x8C05,0x8C05,0x8C05,0x8C05,0x8C05,0x8C05,0x8C05,
    0x8C05,0x8C05,0x8C05,0x8C05,0x8C05,0x8C05,0x8C05,0x8C05,0x8C05,0x8C52,0x8C53,0x8C54,0x8C55,0x8C11,0x8C55,0x8C55,
    0x8C55,0x8C11,0x8C55,0x8C56,0x8C55,0x8C55,0x8C55,0x8C8D,0x8C24,0x8C05,0x8C7D,0x8CCD,0x8CCE,0x8CCF,0x8CB1,0x8CB1,
    0x8C9C,0x8CB1,0x8CB1,0x8CB1,0x8CF6,0x8CFB,0x8E0E,0x8E0D,0x8E22,0x8E46,0x8E51,0x8E59,0x8E65,0x8E70,0x8E4D,0x8E58,
    0x8E7F,0x9004,0x9004,0x9042,0x904F,0x905B,0x906E,0x906D,0x907D,0x0000,0x0000,0x0000,0x0000,0x0000,0x0000,0x0000,
    0x0000,0x0000,0x0000,0x0000,0x0000,0x0000,0x0000,0x0000,0x0000,0x0000,0x0000,0x0000,0x0000,0x0000,0x0000,0x0000,
    0x0000,0x0000,0x0000,0x0000,0x0000,0x0000,0x0000,0x0000,0x0000,0x0000,0x0000,0x0000,0x0000,0x0000,0x0000,0x0000,
    0x0000,0x0000,0x0000,0x0000,0x0000,0x0000,0x0000,0x0000,0x0000,0x0000,0x0000,0x0000,0x0000,0x0000,0x0000,0x0000,
    0x0000,0x0000,0x0000,0x0000,0x0000,0x0000,0x0000,0x0000,0x0000,0x0000,0x0000,0x0000,0x0000,0x0000,0x0000,0x0000,
    0x0000,0x0000,0x0000,0x0000,0x0000,0x0000,0x0000,0x0000,0x0000,0x0000,0x0000,0x0000,0x0000,0x0000,0x0000,0x0000,
    0x0000,0x0000,0x0000,0x0000,0x0000,0x0000,0x0000,0x0000,0x0000,0x0000,0x0000,0x0000,0x0000,0x0000,0x0000,0x0000,
    0x0000,0x0000,0x0000,0x0000,0x0000,0x0000,0x0000,0x0000,0x0000,0x0000,0x0000,0x0000,0x0000,0x0000,0x0000,0x0000,
    0x0000,0x0000,0x0000,0x0000,0x0000,0x0000,0x0000,0x0000,0x0000,0x0000,0x0000,0x0000,0x0000,0x0000,0x0000,0x0000,
    0x0000,0x0000,0x0000,0x0000,0x0000,0x0000,0x0000,0x0000,0x0000,0x0000,0x0000,0x0000,0x0000,0x0000,0x0000,0x0000,
    0x0000,0x0000,0x0000,0x0000,0x0000,0x0000,0x0000,0x0000,0x0000,0x0000,0x0000,0x0000,0x0000,0x0000,0x0000,0x0000,
    0x0000,0x0000,0x0000,0x0000,0x0000,0x0000,0x0000,0x0000,0x0000,0x0000,0x0000,0x0000,0x0000,0x0000,0x0000,0x0000,
    0x0000,0x0000,0x0000,0x0000,0x0000,0x0000,0x0000,0x0000,0x0000,0x0000,0x0000,0x0000,0x0000,0x0000,0x0000,0x0000,
    0x0000,0x0000,0x0000,0x0000,0x0000,0x0000,0x0000,0x0000,0x0000,0x0000,0x0000,0x0000,0x0000,0x0000,0x0000,0x0000,
    0x0000,0x0000,0x0000,0x0000,0x0000,0x0000,0x0000,0x0000,0x0000,0x0000,0x0000,0x0000,0x0000,0x0000,0x0000,0x0000,
    0x0000,0x0000,0x0000,0x0000,0x0000,0x0000,0x0000,0x0000,0x0000,0x0000,0x0000,0x0000,0x8C25,0x8C05,0x8C05,0x8C05,
    0x8C05,0x8C05,0x8C05,0x8C05,0x8C05,0x8C05,0x8C05,0x8C05,0x8C05,0x8C05,0x8C05,0x8C05,0x8C05,0x8C05,0x8C05,0x8C05,
    0x8C05,0x8C05,0x8C05,0x8C05,0x8C05,0x8C05,0x8C05,0x8C05,0x8C05,0x8C05,0x8C6C,0x8C6D,0x8C28,0x8C12,0x8C12,0x8C12,
    0x8C29,0x8C12,0x8C12,0x8C12,0x8C13,0x8C12,0x8C12,0x8C12,0x8C14,0x8C24,0x8C05,0x8C05,0x8CD0,0x8CD1,0x8CD3,0x8CB1,
    0x8C9C,0x8CB1,0x8CB1,0x8CB1,0x8CF6,0x8CFB,0x8E0F,0x8E0E,0x8E0D,0x8E47,0x8E52,0x8E5C,0x8E66,0x8E71,0x8E4E,0x8E59,
    0x8E62,0x9005,0x9004,0x9042,0x904F,0x905A,0x906F,0x907B,0x9088,0x0000,0x0000,0x0000,0x0000,0x0000,0x0000,0x0000,
    0x0000,0x0000,0x0000,0x0000,0x0000,0x0000,0x0000,0x0000,0x0000,0x0000,0x0000,0x0000,0x0000,0x0000,0x0000,0x0000,
    0x0000,0x0000,0x0000,0x0000,0x0000,0x0000,0x0000,0x0000,0x0000,0x0000,0x0000,0x0000,0x0000,0x0000,0x0000,0x0000,
    0x0000,0x0000,0x0000,0x0000,0x0000,0x0000,0x0000,0x0000,0x0000,0x0000,0x0000,0x0000,0x0000,0x0000,0x0000,0x0000,
    0x0000,0x0000,0x0000,0x0000,0x0000,0x0000,0x0000,0x0000,0x0000,0x0000,0x0000,0x0000,0x0000,0x0000,0x0000,0x0000,
    0x0000,0x0000,0x0000,0x0000,0x0000,0x0000,0x0000,0x0000,0x0000,0x0000,0x0000,0x0000,0x0000,0x0000,0x0000,0x0000,
    0x0000,0x0000,0x0000,0x0000,0x0000,0x0000,0x0000,0x0000,0x0000,0x0000,0x0000,0x0000,0x0000,0x0000,0x0000,0x0000,
    0x0000,0x0000,0x0000,0x0000,0x0000,0x0000,0x0000,0x0000,0x0000,0x0000,0x0000,0x0000,0x0000,0x0000,0x0000,0x0000,
    0x0000,0x0000,0x0000,0x0000,0x0000,0x0000,0x0000,0x0000,0x0000,0x0000,0x0000,0x0000,0x0000,0x0000,0x0000,0x0000,
    0x0000,0x0000,0x0000,0x0000,0x0000,0x0000,0x0000,0x0000,0x0000,0x0000,0x0000,0x0000,0x0000,0x0000,0x0000,0x0000,
    0x0000,0x0000,0x0000,0x0000,0x0000,0x0000,0x0000,0x0000,0x0000,0x0000,0x0000,0x0000,0x0000,0x0000,0x0000,0x0000,
    0x0000,0x0000,0x0000,0x0000,0x0000,0x0000,0x0000,0x0000,0x0000,0x0000,0x0000,0x0000,0x0000,0x0000,0x0000,0x0000,
    0x0000,0x0000,0x0000,0x0000,0x0000,0x0000,0x0000,0x0000,0x0000,0x0000,0x0000,0x0000,0x0000,0x0000,0x0000,0x0000,
    0x0000,0x0000,0x0000,0x0000,0x0000,0x0000,0x0000,0x0000,0x0000,0x0000,0x0000,0x0000,0x0000,0x0000,0x0000,0x0000,
    0x0000,0x0000,0x0000,0x0000,0x0000,0x0000,0x0000,0x0000,0x0000,0x0000,0x0000,0x0000,0x0000,0x0000,0x0000,0x0000,
    0x0000,0x0000,0x0000,0x0000,0x0000,0x0000,0x0000,0x0000,0x0000,0x0000,0x0000,0x0000,0x8C25,0x8C05,0x8C05,0x8C05,
    0x8C05,0x8C05,0x8C05,0x8C05,0x8C05,0x8C05,0x8C05,0x8C05,0x8C05,0x8C05,0x8C05,0x8C05,0x8C05,0x8C05,0x8C05,0x8C05,
    0x8C05,0x8C05,0x8C05,0x8C05,0x8C05,0x8C05,0x8C05,0x8C05,0x8C05,0x8C05,0x8C05,0x8C26,0x8C27,0x8C28,0x8C29,0x8C12,
    0x8C12,0x8C29,0x8C29,0x8C12,0x8C12,0x8C13,0x8C29,0x8C12,0x8C12,0x8C14,0x8C24,0x8C05,0x8CD2,0x8CD4,0x8CCE,0x8CCF,
    0x8C9C,0x8CB1,0x8CB1,0x8CB1,0x8CF6,0x8CFB,0x8E0F,0x8E0F,0x8E32,0x8E0D,0x8E53,0x8E5D,0x8E67,0x8E72,0x8E4F,0x8E5A,
    0x8E63,0x9006,0x9026,0x9042,0x904F,0x905B,0x906C,0x907C,0x9089,0x0000,0x0000,0x0000,0x0000,0x0000,0x0000,0x0000,
    0x0000,0x0000,0x0000,0x0000,0x0000,0x0000,0x0000,0x0000,0x0000,0x0000,0x0000,0x0000,0x0000,0x0000,0x0000,0x0000,
    0x0000,0x0000,0x0000,0x0000,0x0000,0x0000,0x0000,0x0000,0x0000,0x0000,0x0000,0x0000,0x0000,0x0000,0x0000,0x0000,
    0x0000,0x0000,0x0000,0x0000,0x0000,0x0000,0x0000,0x0000,0x0000,0x0000,0x0000,0x0000,0x0000,0x0000,0x0000,0x0000,
    0x0000,0x0000,0x0000,0x0000,0x0000,0x0000,0x0000,0x0000,0x0000,0x0000,0x0000,0x0000,0x0000,0x0000,0x0000,0x0000,
    0x0000,0x0000,0x0000,0x0000,0x0000,0x0000,0x0000,0x0000,0x0000,0x0000,0x0000,0x0000,0x0000,0x0000,0x0000,0x0000,
    0x0000,0x0000,0x0000,0x0000,0x0000,0x0000,0x0000,0x0000,0x0000,0x0000,0x0000,0x0000,0x0000,0x0000,0x0000,0x0000,
    0x0000,0x0000,0x0000,0x0000,0x0000,0x0000,0x0000,0x0000,0x0000,0x0000,0x0000,0x0000,0x0000,0x0000,0x0000,0x0000,
    0x0000,0x0000,0x0000,0x0000,0x0000,0x0000,0x0000,0x0000,0x0000,0x0000,0x0000,0x0000,0x0000,0x0000,0x0000,0x0000,
    0x0000,0x0000,0x0000,0x0000,0x0000,0x0000,0x0000,0x0000,0x0000,0x0000,0x0000,0x0000,0x0000,0x0000,0x0000,0x0000,
    0x0000,0x0000,0x0000,0x0000,0x0000,0x0000,0x0000,0x0000,0x0000,0x0000,0x0000,0x0000,0x0000,0x0000,0x0000,0x0000,
    0x0000,0x0000,0x0000,0x0000,0x0000,0x0000,0x0000,0x0000,0x0000,0x0000,0x0000,0x0000,0x0000,0x0000,0x0000,0x0000,
    0x0000,0x0000,0x0000,0x0000,0x0000,0x0000,0x0000,0x0000,0x0000,0x0000,0x0000,0x0000,0x0000,0x0000,0x0000,0x0000,
    0x0000,0x0000,0x0000,0x0000,0x0000,0x0000,0x0000,0x0000,0x0000,0x0000,0x0000,0x0000,0x0000,0x0000,0x0000,0x0000,
    0x0000,0x0000,0x0000,0x0000,0x0000,0x0000,0x0000,0x0000,0x0000,0x0000,0x0000,0x0000,0x0000,0x0000,0x0000,0x0000,
    0x0000,0x0000,0x0000,0x0000,0x0000,0x0000,0x0000,0x0000,0x0000,0x0000,0x0000,0x0000,0x8C25,0x8C05,0x8C05,0x8C05,
    0x8C05,0x8C05,0x8C05,0x8C05,0x8C05,0x8C05,0x8C05,0x8C05,0x8C05,0x8C05,0x8C05,0x8C05,0x8C05,0x8C05,0x8C05,0x8C05,
    0x8C05,0x8C05,0x8C05,0x8C05,0x8C05,0x8C05,0x8C05,0x8C05,0x8C05,0x8C05,0x8C05,0x8C05,0x8C3D,0x8C3E,0x8C3F,0x8C12,
    0x8C12,0x8C29,0x8C12,0x8C12,0x8C12,0x8C29,0x8C3F,0x8C12,0x8C12,0x8C29,0x8C6B,0x8C24,0x8C05,0x8C05,0x8CD0,0x8CD1,
    0x8CCC,0x8CB1,0x8CB1,0x8CB1,0x8CF6,0x8CFB,0x8E0F,0x8E0F,0x8E33,0x8E48,0x8E0D,0x8E53,0x8E68,0x8E73,0x8E50,0x8E5B,
    0x8E64,0x9007,0x9027,0x9043,0x904F,0x905A,0x906D,0x907C,0x907E,0x0000,0x0000,0x0000,0x0000,0x0000,0x0000,0x0000,
    0x0000,0x0000,0x0000,0x0000,0x0000,0x0000,0x0000,0x0000,0x0000,0x0000,0x0000,0x0000,0x0000,0x0000,0x0000,0x0000,
    0x0000,0x0000,0x0000,0x0000,0x0000,0x0000,0x0000,0x0000,0x0000,0x0000,0x0000,0x0000,0x0000,0x0000,0x0000,0x0000,
    0x0000,0x0000,0x0000,0x0000,0x0000,0x0000,0x0000,0x0000,0x0000,0x0000,0x0000,0x0000,0x0000,0x0000,0x0000,0x0000,
    0x0000,0x0000,0x0000,0x0000,0x0000,0x0000,0x0000,0x0000,0x0000,0x0000,0x0000,0x0000,0x0000,0x0000,0x0000,0x0000,
    0x0000,0x0000,0x0000,0x0000,0x0000,0x0000,0x0000,0x0000,0x0000,0x0000,0x0000,0x0000,0x0000,0x0000,0x0000,0x0000,
    0x0000,0x0000,0x0000,0x0000,0x0000,0x0000,0x0000,0x0000,0x0000,0x0000,0x0000,0x0000,0x0000,0x0000,0x0000,0x0000,
    0x0000,0x0000,0x0000,0x0000,0x0000,0x0000,0x0000,0x0000,0x0000,0x0000,0x0000,0x0000,0x0000,0x0000,0x0000,0x0000,
    0x0000,0x0000,0x0000,0x0000,0x0000,0x0000,0x0000,0x0000,0x0000,0x0000,0x0000,0x0000,0x0000,0x0000,0x0000,0x0000,
    0x0000,0x0000,0x0000,0x0000,0x0000,0x0000,0x0000,0x0000,0x0000,0x0000,0x0000,0x0000,0x0000,0x0000,0x0000,0x0000,
    0x0000,0x0000,0x0000,0x0000,0x0000,0x0000,0x0000,0x0000,0x0000,0x0000,0x0000,0x0000,0x0000,0x0000,0x0000,0x0000,
    0x0000,0x0000,0x0000,0x0000,0x0000,0x0000,0x0000,0x0000,0x0000,0x0000,0x0000,0x0000,0x0000,0x0000,0x0000,0x0000,
    0x0000,0x0000,0x0000,0x0000,0x0000,0x0000,0x0000,0x0000,0x0000,0x0000,0x0000,0x0000,0x0000,0x0000,0x0000,0x0000,
    0x0000,0x0000,0x0000,0x0000,0x0000,0x0000,0x0000,0x0000,0x0000,0x0000,0x0000,0x0000,0x0000,0x0000,0x0000,0x0000,
    0x0000,0x0000,0x0000,0x0000,0x0000,0x0000,0x0000,0x0000,0x0000,0x0000,0x0000,0x0000,0x0000,0x0000,0x0000,0x0000,
    0x0000,0x0000,0x0000,0x0000,0x0000,0x0000,0x0000,0x0000,0x0000,0x0000,0x0000,0x0000,0x8C25,0x8C05,0x8C05,0x8C05,
    0x8C05,0x8C05,0x8C05,0x8C05,0x8C05,0x8C05,0x8C05,0x8C05,0x8C05,0x8C05,0x8C05,0x8C05,0x8C05,0x8C05,0x8C05,0x8C05,
    0x8C05,0x8C05,0x8C05,0x8C05,0x8C05,0x8C05,0x8C05,0x8C05,0x8C05,0x8C05,0x8C05,0x8C05,0x8C05,0x8C52,0x8C53,0x8C54,
    0x8C55,0x8C11,0x8C55,0x8C55,0x8C55,0x8C11,0x8C55,0x8C56,0x8C55,0x8C55,0x8C55,0x8C8D,0x8C24,0x8C05,0x8CD2,0x8CD4,
    0x8CCE,0x8CCF,0x8CB1,0x8CB1,0x8CF6,0x8CFB,0x8E0F,0x8E0F,0x8E33,0x8E49,0x8E48,0x8E0D,0x8E53,0x8E74,0x8E51,0x8E59,
    0x8E65,0x9008,0x9028,0x9044,0x904F,0x905B,0x906E,0x906D,0x900D,0x0000,0x0000,0x0000,0x0000,0x0000,0x0000,0x0000,
    0x0000,0x0000,0x0000,0x0000,0x0000,0x0000,0x0000,0x0000,0x0000,0x0000,0x0000,0x0000,0x0000,0x0000,0x0000,0x0000,
    0x0000,0x0000,0x0000,0x0000,0x0000,0x0000,0x0000,0x0000,0x0000,0x0000,0x0000,0x0000,0x0000,0x0000,0x0000,0x0000,
    0x0000,0x0000,0x0000,0x0000,0x0000,0x0000,0x0000,0x0000,0x0000,0x0000,0x0000,0x0000,0x0000,0x0000,0x0000,0x0000,
    0x0000,0x0000,0x0000,0x0000,0x0000,0x0000,0x0000,0x0000,0x0000,0x0000,0x0000,0x0000,0x0000,0x0000,0x0000,0x0000,
    0x0000,0x0000,0x0000,0x0000,0x0000,0x0000,0x0000,0x0000,0x0000,0x0000,0x0000,0x0000,0x0000,0x0000,0x0000,0x0000,
    0x0000,0x0000,0x0000,0x0000,0x0000,0x0000,0x0000,0x0000,0x0000,0x0000,0x0000,0x0000,0x0000,0x0000,0x0000,0x0000,
    0x0000,0x0000,0x0000,0x0000,0x0000,0x0000,0x0000,0x0000,0x0000,0x0000,0x0000,0x0000,0x0000,0x0000,0x0000,0x0000,
    0x0000,0x0000,0x0000,0x0000,0x0000,0x0000,0x0000,0x0000,0x0000,0x0000,0x0000,0x0000,0x0000,0x0000,0x0000,0x0000,
    0x0000,0x0000,0x0000,0x0000,0x0000,0x0000,0x0000,0x0000,0x0000,0x0000,0x0000,0x0000,0x0000,0x0000,0x0000,0x0000,
    0x0000,0x0000,0x0000,0x0000,0x0000,0x0000,0x0000,0x0000,0x0000,0x0000,0x0000,0x0000,0x0000,0x0000,0x0000,0x0000,
    0x0000,0x0000,0x0000,0x0000,0x0000,0x0000,0x0000,0x0000,0x0000,0x0000,0x0000,0x0000,0x0000,0x0000,0x0000,0x0000,
    0x0000,0x0000,0x0000,0x0000,0x0000,0x0000,0x0000,0x0000,0x0000,0x0000,0x0000,0x0000,0x0000,0x0000,0x0000,0x0000,
    0x0000,0x0000,0x0000,0x0000,0x0000,0x0000,0x0000,0x0000,0x0000,0x0000,0x0000,0x0000,0x0000,0x0000,0x0000,0x0000,
    0x0000,0x0000,0x0000,0x0000,0x0000,0x0000,0x0000,0x0000,0x0000,0x0000,0x0000,0x0000,0x0000,0x0000,0x0000,0x0000,
    0x0000,0x0000,0x0000,0x0000,0x0000,0x0000,0x0000,0x0000,0x0000,0x0000,0x0000,0x0000,0x8C25,0x8C05,0x8C05,0x8C05,
    0x8C05,0x8C05,0x8C05,0x8C05,0x8C05,0x8C05,0x8C05,0x8C05,0x8C05,0x8C05,0x8C05,0x8C05,0x8C05,0x8C05,0x8C05,0x8C05,
    0x8C05,0x8C05,0x8C05,0x8C05,0x8C05,0x8C05,0x8C05,0x8C05,0x8C05,0x8C05,0x8C05,0x8C05,0x8C05,0x8C05,0x8C6C,0x8C6D,
    0x8C28,0x8C12,0x8C12,0x8C12,0x8C29,0x8C12,0x8C12,0x8C12,0x8C13,0x8C12,0x8C12,0x8C12,0x8C14,0x8C24,0x8C05,0x8C05,
    0x8CD0,0x8CD1,0x8CD3,0x8CB1,0x8CF6,0x8CFB,0x8E0F,0x8E0F,0x8E33,0x8E49,0x8E49,0x8E48,0x8E0D,0x8E75,0x8E52,0x8E5C,
    0x8E66,0x9009,0x9029,0x9044,0x904F,0x905A,0x906F,0x907B,0x9088,0x0000,0x0000,0x0000,0x0000,0x0000,0x0000,0x0000,
    0x0000,0x0000,0x0000,0x0000,0x0000,0x0000,0x0000,0x0000,0x0000,0x0000,0x0000,0x0000,0x0000,0x0000,0x0000,0x0000,
    0x0000,0x0000,0x0000,0x0000,0x0000,0x0000,0x0000,0x0000,0x0000,0x0000,0x0000,0x0000,0x0000,0x0000,0x0000,0x0000,
    0x0000,0x0000,0x0000,0x0000,0x0000,0x0000,0x0000,0x0000,0x0000,0x0000,0x0000,0x0000,0x0000,0x0000,0x0000,0x0000,
    0x0000,0x0000,0x0000,0x0000,0x0000,0x0000,0x0000,0x0000,0x0000,0x0000,0x0000,0x0000,0x0000,0x0000,0x0000,0x0000,
    0x0000,0x0000,0x0000,0x0000,0x0000,0x0000,0x0000,0x0000,0x0000,0x0000,0x0000,0x0000,0x0000,0x0000,0x0000,0x0000,
    0x0000,0x0000,0x0000,0x0000,0x0000,0x0000,0x0000,0x0000,0x0000,0x0000,0x0000,0x0000,0x0000,0x0000,0x0000,0x0000,
    0x0000,0x0000,0x0000,0x0000,0x0000,0x0000,0x0000,0x0000,0x0000,0x0000,0x0000,0x0000,0x0000,0x0000,0x0000,0x0000,
    0x0000,0x0000,0x0000,0x0000,0x0000,0x0000,0x0000,0x0000,0x0000,0x0000,0x0000,0x0000,0x0000,0x0000,0x0000,0x0000,
    0x0000,0x0000,0x0000,0x0000,0x0000,0x0000,0x0000,0x0000,0x0000,0x0000,0x0000,0x0000,0x0000,0x0000,0x0000,0x0000,
    0x0000,0x0000,0x0000,0x0000,0x0000,0x0000,0x0000,0x0000,0x0000,0x0000,0x0000,0x0000,0x0000,0x0000,0x0000,0x0000,
    0x0000,0x0000,0x0000,0x0000,0x0000,0x0000,0x0000,0x0000,0x0000,0x0000,0x0000,0x0000,0x0000,0x0000,0x0000,0x0000,
    0x0000,0x0000,0x0000,0x0000,0x0000,0x0000,0x0000,0x0000,0x0000,0x0000,0x0000,0x0000,0x0000,0x0000,0x0000,0x0000,
    0x0000,0x0000,0x0000,0x0000,0x0000,0x0000,0x0000,0x0000,0x0000,0x0000,0x0000,0x0000,0x0000,0x0000,0x0000,0x0000,
    0x0000,0x0000,0x0000,0x0000,0x0000,0x0000,0x0000,0x0000,0x0000,0x0000,0x0000,0x0000,0x0000,0x0000,0x0000,0x0000,
    0x0000,0x0000,0x0000,0x0000,0x0000,0x0000,0x0000,0x0000,0x0000,0x0000,0x0000,0x0000,0x0000,0x0000,0x0000,0x0000,
    0x0000,0x0000,0x0000,0x0000,0x0000,0x0000,0x0000,0x8C05,0x8C05,0x8C05,0x8C05,0x8C05,0x8C05,0x8C05,0x8C05,0x8C05,
    0x8C05,0x8C05,0x8C05,0x8C05,0x8C05,0x8C05,0x8C05,0x8C05,0x8C05,0x8C05,0x8C05,0x8C05,0x8C05,0x8C05,0x8C05,0x8C26,
    0x8C27,0x8C28,0x8C29,0x8C12,0x8C12,0x8C29,0x8C29,0x8C12,0x8C12,0x8C13,0x8C29,0x8C12,0x8C12,0x8C14,0x8C24,0x8C05,
    0x8CD2,0x8CD4,0x8CCE,0x8CCF,0x8CF6,0x8E0F,0x8E0F,0x8E0F,0x8E33,0x8E49,0x8E49,0x8E49,0x8E32,0x8E0D,0x8E53,0x8E5D,
    0x8E67,0x900A,0x902A,0x9044,0x904F,0x905B,0x906C,0x907C,0x9089,0x0000,0x0000,0x0000,0x0000,0x0000,0x0000,0x0000,
    0x0000,0x0000,0x0000,0x0000,0x0000,0x0000,0x0000,0x0000,0x0000,0x0000,0x0000,0x0000,0x0000,0x0000,0x0000,0x0000,
    0x0000,0x0000,0x0000,0x0000,0x0000,0x0000,0x0000,0x0000,0x0000,0x0000,0x0000,0x0000,0x0000,0x0000,0x0000,0x0000,
    0x0000,0x0000,0x0000,0x0000,0x0000,0x0000,0x0000,0x0000,0x0000,0x0000,0x0000,0x0000,0x0000,0x0000,0x0000,0x0000,
    0x0000,0x0000,0x0000,0x0000,0x0000,0x0000,0x0000,0x0000,0x0000,0x0000,0x0000,0x0000,0x0000,0x0000,0x0000,0x0000,
    0x0000,0x0000,0x0000,0x0000,0x0000,0x0000,0x0000,0x0000,0x0000,0x0000,0x0000,0x0000,0x0000,0x0000,0x0000,0x0000,
    0x0000,0x0000,0x0000,0x0000,0x0000,0x0000,0x0000,0x0000,0x0000,0x0000,0x0000,0x0000,0x0000,0x0000,0x0000,0x0000,
    0x0000,0x0000,0x0000,0x0000,0x0000,0x0000,0x0000,0x0000,0x0000,0x0000,0x0000,0x0000,0x0000,0x0000,0x0000,0x0000,
    0x0000,0x0000,0x0000,0x0000,0x0000,0x0000,0x0000,0x0000,0x0000,0x0000,0x0000,0x0000,0x0000,0x0000,0x0000,0x0000,
    0x0000,0x0000,0x0000,0x0000,0x0000,0x0000,0x0000,0x0000,0x0000,0x0000,0x0000,0x0000,0x0000,0x0000,0x0000,0x0000,
    0x0000,0x0000,0x0000,0x0000,0x0000,0x0000,0x0000,0x0000,0x0000,0x0000,0x0000,0x0000,0x0000,0x0000,0x0000,0x0000,
    0x0000,0x0000,0x0000,0x0000,0x0000,0x0000,0x0000,0x0000,0x0000,0x0000,0x0000,0x0000,0x0000,0x0000,0x0000,0x0000,
    0x0000,0x0000,0x0000,0x0000,0x0000,0x0000,0x0000,0x0000,0x0000,0x0000,0x0000,0x0000,0x0000,0x0000,0x0000,0x0000,
    0x0000,0x0000,0x0000,0x0000,0x0000,0x0000,0x0000,0x0000,0x0000,0x0000,0x0000,0x0000,0x0000,0x0000,0x0000,0x0000,
    0x0000,0x0000,0x0000,0x0000,0x0000,0x0000,0x0000,0x0000,0x0000,0x0000,0x0000,0x0000,0x0000,0x0000,0x0000,0x0000,
    0x0000,0x0000,0x0000,0x0000,0x0000,0x0000,0x0000,0x0000,0x0000,0x0000,0x0000,0x0000,0x0000,0x0000,0x0000,0x0000,
    0x0000,0x0000,0x0000,0x0000,0x0000,0x0000,0x0000,0x8C05,0x8C05,0x8C05,0x8C05,0x8C05,0x8C05,0x8C05,0x8C05,0x8C05,
    0x8C05,0x8C05,0x8C05,0x8C05,0x8C05,0x8C05,0x8C05,0x8C05,0x8C05,0x8C05,0x8C05,0x8C05,0x8C05,0x8C05,0x8C05,0x8C05,
    0x8C3D,0x8C3E,0x8C3F,0x8C12,0x8C12,0x8C29,0x8C12,0x8C12,0x8C12,0x8C29,0x8C3F,0x8C12,0x8C12,0x8C29,0x8C6B,0x8C24,
    0x8C05,0x8C05,0x8CD0,0x8CD1,0x8E10,0x8E0F,0x8E0F,0x8E0F,0x8E33,0x8E49,0x8E49,0x8E49,0x8E33,0x8E48,0x8E0D,0x8E53,
    0x8E68,0x900B,0x902B,0x9044,0x904F,0x905A,0x906D,0x907C,0x907E,0x0000,0x0000,0x0000,0x0000,0x0000,0x0000,0x0000,
    0x0000,0x0000,0x0000,0x0000,0x0000,0x0000,0x0000,0x0000,0x0000,0x0000,0x0000,0x0000,0x0000,0x0000,0x0000,0x0000,
    0x0000,0x0000,0x0000,0x0000,0x0000,0x0000,0x0000,0x0000,0x0000,0x0000,0x0000,0x0000,0x0000,0x0000,0x0000,0x0000,
    0x0000,0x0000,0x0000,0x0000,0x0000,0x0000,0x0000,0x0000,0x0000,0x0000,0x0000,0x0000,0x0000,0x0000,0x0000,0x0000,
    0x0000,0x0000,0x0000,0x0000,0x0000,0x0000,0x0000,0x0000,0x0000,0x0000,0x0000,0x0000,0x0000,0x0000,0x0000,0x0000,
    0x0000,0x0000,0x0000,0x0000,0x0000,0x0000,0x0000,0x0000,0x0000,0x0000,0x0000,0x0000,0x0000,0x0000,0x0000,0x0000,
    0x0000,0x0000,0x0000,0x0000,0x0000,0x0000,0x0000,0x0000,0x0000,0x0000,0x0000,0x0000,0x0000,0x0000,0x0000,0x0000,
    0x0000,0x0000,0x0000,0x0000,0x0000,0x0000,0x0000,0x0000,0x0000,0x0000,0x0000,0x0000,0x0000,0x0000,0x0000,0x0000,
    0x0000,0x0000,0x0000,0x0000,0x0000,0x0000,0x0000,0x0000,0x0000,0x0000,0x0000,0x0000,0x0000,0x0000,0x0000,0x0000,
    0x0000,0x0000,0x0000,0x0000,0x0000,0x0000,0x0000,0x0000,0x0000,0x0000,0x0000,0x0000,0x0000,0x0000,0x0000,0x0000,
    0x0000,0x0000,0x0000,0x0000,0x0000,0x0000,0x0000,0x0000,0x0000,0x0000,0x0000,0x0000,0x0000,0x0000,0x0000,0x0000,
    0x0000,0x0000,0x0000,0x0000,0x0000,0x0000,0x0000,0x0000,0x0000,0x0000,0x0000,0x0000,0x0000,0x0000,0x0000,0x0000,
    0x0000,0x0000,0x0000,0x0000,0x0000,0x0000,0x0000,0x0000,0x0000,0x0000,0x0000,0x0000,0x0000,0x0000,0x0000,0x0000,
    0x0000,0x0000,0x0000,0x0000,0x0000,0x0000,0x0000,0x0000,0x0000,0x0000,0x0000,0x0000,0x0000,0x0000,0x0000,0x0000,
    0x0000,0x0000,0x0000,0x0000,0x0000,0x0000,0x0000,0x0000,0x0000,0x0000,0x0000,0x0000,0x0000,0x0000,0x0000,0x0000,
    0x0000,0x0000,0x0000,0x0000,0x0000,0x0000,0x0000,0x0000,0x0000,0x0000,0x0000,0x0000,0x0000,0x0000,0x0000,0x0000,
    0x0000,0x0000,0x0000,0x0000,0x0000,0x0000,0x0000,0x8C05,0x8C05,0x8C05,0x8C05,0x8C05,0x8C05,0x8C05,0x8C05,0x8C05,
    0x8C05,0x8C05,0x8C05,0x8C05,0x8C05,0x8C05,0x8C05,0x8C05,0x8C05,0x8C05,0x8C05,0x8C05,0x8C05,0x8C05,0x8C05,0x8C05,
    0x8C05,0x8C52,0x8C53,0x8C54,0x8C55,0x8C11,0x8C55,0x8C55,0x8C55,0x8C11,0x8C55,0x8C56,0x8C55,0x8C55,0x8C55,0x8C8D,
    0x8C24,0x8C05,0x8CD2,0x8E11,0x8E23,0x8E34,0x8E0F,0x8E0F,0x8E33,0x8E49,0x8E49,0x8E49,0x8E33,0x8E49,0x8E48,0x8E0D,
    0x8E53,0x900C,0x902C,0x9044,0x9050,0x905B,0x906E,0x906D,0x900D,0x907E,0x906E,0x906D,0x9200,0x920D,0x921A,0x9220,
    0x921A,0x9227,0x922C,0x9234,0x923B,0x0000,0x0000,0x0000,0x0000,0x0000,0x0000,0x0000,0x0000,0x0000,0x0000,0x0000,
    0x0000,0x0000,0x0000,0x0000,0x0000,0x0000,0x0000,0x0000,0x0000,0x0000,0x0000,0x0000,0x0000,0x0000,0x0000,0x0000,
    0x0000,0x0000,0x0000,0x0000,0x0000,0x0000,0x0000,0x0000,0x0000,0x0000,0x0000,0x0000,0x0000,0x0000,0x0000,0x0000,
    0x0000,0x0000,0x0000,0x0000,0x0000,0x0000,0x0000,0x0000,0x0000,0x0000,0x0000,0x0000,0x0000,0x0000,0x0000,0x0000,
    0x0000,0x0000,0x0000,0x0000,0x0000,0x0000,0x0000,0x0000,0x0000,0x0000,0x0000,0x0000,0x0000,0x0000,0x0000,0x0000,
    0x0000,0x0000,0x0000,0x0000,0x0000,0x0000,0x0000,0x0000,0x0000,0x0000,0x0000,0x0000,0x0000,0x0000,0x0000,0x0000,
    0x0000,0x0000,0x0000,0x0000,0x0000,0x0000,0x0000,0x0000,0x0000,0x0000,0x0000,0x0000,0x0000,0x0000,0x0000,0x0000,
    0x0000,0x0000,0x0000,0x0000,0x0000,0x0000,0x0000,0x0000,0x0000,0x0000,0x0000,0x0000,0x0000,0x0000,0x0000,0x0000,
    0x0000,0x0000,0x0000,0x0000,0x0000,0x0000,0x0000,0x0000,0x0000,0x0000,0x0000,0x0000,0x0000,0x0000,0x0000,0x0000,
    0x0000,0x0000,0x0000,0x0000,0x0000,0x0000,0x0000,0x0000,0x0000,0x0000,0x0000,0x0000,0x0000,0x0000,0x0000,0x0000,
    0x0000,0x0000,0x0000,0x0000,0x0000,0x0000,0x0000,0x0000,0x0000,0x0000,0x0000,0x0000,0x0000,0x0000,0x0000,0x0000,
    0x0000,0x0000,0x0000,0x0000,0x0000,0x0000,0x0000,0x0000,0x0000,0x0000,0x0000,0x0000,0x0000,0x0000,0x0000,0x0000,
    0x0000,0x0000,0x0000,0x0000,0x0000,0x0000,0x0000,0x0000,0x0000,0x0000,0x0000,0x0000,0x0000,0x0000,0x0000,0x0000,
    0x0000,0x0000,0x0000,0x0000,0x0000,0x0000,0x0000,0x0000,0x0000,0x0000,0x0000,0x0000,0x0000,0x0000,0x0000,0x0000,
    0x0000,0x0000,0x0000,0x0000,0x0000,0x0000,0x0000,0x0000,0x0000,0x0000,0x0000,0x0000,0x0000,0x0000,0x0000,0x0000,
    0x0000,0x0000,0x0000,0x0000,0x0000,0x0000,0x0000,0x8C05,0x8C05,0x8C05,0x8C05,0x8C05,0x8C05,0x8C05,0x8C05,0x8C05,
    0x8C05,0x8C05,0x8C05,0x8C05,0x8C05,0x8C05,0x8C05,0x8C05,0x8C05,0x8C05,0x8C05,0x8C05,0x8C05,0x8C05,0x8C05,0x8C05,
    0x8C05,0x8C05,0x8C6C,0x8C6D,0x8C28,0x8C12,0x8C12,0x8C12,0x8C29,0x8C12,0x8C12,0x8C12,0x8C13,0x8C12,0x8C12,0x8C12,
    0x8C14,0x8C24,0x8E12,0x8E12,0x8E35,0x8E3A,0x8E3F,0x8E0F,0x8E33,0x8E49,0x8E49,0x8E49,0x8E33,0x8E49,0x8E49,0x8E48,
    0x8E0D,0x9000,0x902D,0x9045,0x9051,0x905C,0x906F,0x907D,0x9088,0x905A,0x906F,0x906C,0x9200,0x920E,0x921B,0x9221,
    0x921B,0x9228,0x922D,0x9235,0x923B,0x0000,0x0000,0x0000,0x0000,0x0000,0x0000,0x0000,0x0000,0x0000,0x0000,0x0000,
    0x0000,0x0000,0x0000,0x0000,0x0000,0x0000,0x0000,0x0000,0x0000,0x0000,0x0000,0x0000,0x0000,0x0000,0x0000,0x0000,
    0x0000,0x0000,0x0000,0x0000,0x0000,0x0000,0x0000,0x0000,0x0000,0x0000,0x0000,0x0000,0x0000,0x0000,0x0000,0x0000,
    0x0000,0x0000,0x0000,0x0000,0x0000,0x0000,0x0000,0x0000,0x0000,0x0000,0x0000,0x0000,0x0000,0x0000,0x0000,0x0000,
    0x0000,0x0000,0x0000,0x0000,0x0000,0x0000,0x0000,0x0000,0x0000,0x0000,0x0000,0x0000,0x0000,0x0000,0x0000,0x0000,
    0x0000,0x0000,0x0000,0x0000,0x0000,0x0000,0x0000,0x0000,0x0000,0x0000,0x0000,0x0000,0x0000,0x0000,0x0000,0x0000,
    0x0000,0x0000,0x0000,0x0000,0x0000,0x0000,0x0000,0x0000,0x0000,0x0000,0x0000,0x0000,0x0000,0x0000,0x0000,0x0000,
    0x0000,0x0000,0x0000,0x0000,0x0000,0x0000,0x0000,0x0000,0x0000,0x0000,0x0000,0x0000,0x0000,0x0000,0x0000,0x0000,
    0x0000,0x0000,0x0000,0x0000,0x0000,0x0000,0x0000,0x0000,0x0000,0x0000,0x0000,0x0000,0x0000,0x0000,0x0000,0x0000,
    0x0000,0x0000,0x0000,0x0000,0x0000,0x0000,0x0000,0x0000,0x0000,0x0000,0x0000,0x0000,0x0000,0x0000,0x0000,0x0000,
    0x0000,0x0000,0x0000,0x0000,0x0000,0x0000,0x0000,0x0000,0x0000,0x0000,0x0000,0x0000,0x0000,0x0000,0x0000,0x0000,
    0x0000,0x0000,0x0000,0x0000,0x0000,0x0000,0x0000,0x0000,0x0000,0x0000,0x0000,0x0000,0x0000,0x0000,0x0000,0x0000,
    0x0000,0x0000,0x0000,0x0000,0x0000,0x0000,0x0000,0x0000,0x0000,0x0000,0x0000,0x0000,0x0000,0x0000,0x0000,0x0000,
    0x0000,0x0000,0x0000,0x0000,0x0000,0x0000,0x0000,0x0000,0x0000,0x0000,0x0000,0x0000,0x0000,0x0000,0x0000,0x0000,
    0x0000,0x0000,0x0000,0x0000,0x0000,0x0000,0x0000,0x0000,0x0000,0x0000,0x0000,0x0000,0x0000,0x0000,0x0000,0x0000,
    0x0000,0x0000,0x0000,0x0000,0x0000,0x0000,0x0000,0x8C05,0x8C05,0x8C05,0x8C05,0x8C05,0x8C05,0x8C05,0x8C05,0x8C05,
    0x8C05,0x8C05,0x8C05,0x8C05,0x8C05,0x8C05,0x8C05,0x8C05,0x8C05,0x8C05,0x8C05,0x8C05,0x8C05,0x8C05,0x8C05,0x8C05,
    0x8C05,0x8C05,0x8C05,0x8C26,0x8C27,0x8C28,0x8C29,0x8C12,0x8C12,0x8C29,0x8C29,0x8C12,0x8C12,0x8C13,0x8C29,0x8C12,
    0x8C12,0x8E13,0x8E24,0x8E12,0x8E3B,0x8E11,0x8E23,0x8E34,0x8E33,0x8E49,0x8E49,0x8E49,0x8E33,0x8E49,0x8E49,0x8E49,
    0x8E80,0x900D,0x902E,0x9046,0x9052,0x905D,0x900D,0x907E,0x9089,0x907E,0x906C,0x907C,0x9200,0x920D,0x921A,0x9220,
    0x921A,0x9227,0x922E,0x9236,0x923B,0x0000,0x0000,0x0000,0x0000,0x0000,0x0000,0x0000,0x0000,0x0000,0x0000,0x0000,
    0x0000,0x0000,0x0000,0x0000,0x0000,0x0000,0x0000,0x0000,0x0000,0x0000,0x0000,0x0000,0x0000,0x0000,0x0000,0x0000,
    0x0000,0x0000,0x0000,0x0000,0x0000,0x0000,0x0000,0x0000,0x0000,0x0000,0x0000,0x0000,0x0000,0x0000,0x0000,0x0000,
    0x0000,0x0000,0x0000,0x0000,0x0000,0x0000,0x0000,0x0000,0x0000,0x0000,0x0000,0x0000,0x0000,0x0000,0x0000,0x0000,
    0x0000,0x0000,0x0000,0x0000,0x0000,0x0000,0x0000,0x0000,0x0000,0x0000,0x0000,0x0000,0x0000,0x0000,0x0000,0x0000,
    0x0000,0x0000,0x0000,0x0000,0x0000,0x0000,0x0000,0x0000,0x0000,0x0000,0x0000,0x0000,0x0000,0x0000,0x0000,0x0000,
    0x0000,0x0000,0x0000,0x0000,0x0000,0x0000,0x0000,0x0000,0x0000,0x0000,0x0000,0x0000,0x0000,0x0000,0x0000,0x0000,
    0x0000,0x0000,0x0000,0x0000,0x0000,0x0000,0x0000,0x0000,0x0000,0x0000,0x0000,0x0000,0x0000,0x0000,0x0000,0x0000,
    0x0000,0x0000,0x0000,0x0000,0x0000,0x0000,0x0000,0x0000,0x0000,0x0000,0x0000,0x0000,0x0000,0x0000,0x0000,0x0000,
    0x0000,0x0000,0x0000,0x0000,0x0000,0x0000,0x0000,0x0000,0x0000,0x0000,0x0000,0x0000,0x0000,0x0000,0x0000,0x0000,
    0x0000,0x0000,0x0000,0x0000,0x0000,0x0000,0x0000,0x0000,0x0000,0x0000,0x0000,0x0000,0x0000,0x0000,0x0000,0x0000,
    0x0000,0x0000,0x0000,0x0000,0x0000,0x0000,0x0000,0x0000,0x0000,0x0000,0x0000,0x0000,0x0000,0x0000,0x0000,0x0000,
    0x0000,0x0000,0x0000,0x0000,0x0000,0x0000,0x0000,0x0000,0x0000,0x0000,0x0000,0x0000,0x0000,0x0000,0x0000,0x0000,
    0x0000,0x0000,0x0000,0x0000,0x0000,0x0000,0x0000,0x0000,0x0000,0x0000,0x0000,0x0000,0x0000,0x0000,0x0000,0x0000,
    0x0000,0x0000,0x0000,0x0000,0x0000,0x0000,0x0000,0x0000,0x0000,0x0000,0x0000,0x0000,0x0000,0x0000,0x0000,0x0000,
    0x0000,0x0000,0x0000,0x0000,0x0000,0x0000,0x0000,0x8C05,0x8C05,0x8C05,0x8C05,0x8C05,0x8C05,0x8C05,0x8C05,0x8C05,
    0x8C05,0x8C05,0x8C05,0x8C05,0x8C05,0x8C05,0x8C05,0x8C05,0x8C05,0x8C05,0x8C05,0x8C05,0x8C05,0x8C05,0x8C05,0x8C05,
    0x8C05,0x8C05,0x8C05,0x8C05,0x8C3D,0x8C3E,0x8C3F,0x8C12,0x8C12,0x8C29,0x8C12,0x8C12,0x8C12,0x8C29,0x8C3F,0x8C12,
    0x8E14,0x8E25,0x8E36,0x8E24,0x8E12,0x8E12,0x8E35,0x8E3A,0x8E41,0x8E49,0x8E49,0x8E49,0x8E33,0x8E49,0x8E49,0x8E49,
    0x8E81,0x900E,0x900D,0x9047,0x9053,0x905E,0x9070,0x905C,0x907E,0x907E,0x906D,0x907C,0x9200,0x920E,0x921B,0x9221,
    0x921B,0x9228,0x922F,0x9234,0x923B,0x0000,0x0000,0x0000,0x0000,0x0000,0x0000,0x0000,0x0000,0x0000,0x0000,0x0000,
    0x0000,0x0000,0x0000,0x0000,0x0000,0x0000,0x0000,0x0000,0x0000,0x0000,0x0000,0x0000,0x0000,0x0000,0x0000,0x0000,
    0x0000,0x0000,0x0000,0x0000,0x0000,0x0000,0x0000,0x0000,0x0000,0x0000,0x0000,0x0000,0x0000,0x0000,0x0000,0x0000,
    0x0000,0x0000,0x0000,0x0000,0x0000,0x0000,0x0000,0x0000,0x0000,0x0000,0x0000,0x0000,0x0000,0x0000,0x0000,0x0000,
    0x0000,0x0000,0x0000,0x0000,0x0000,0x0000,0x0000,0x0000,0x0000,0x0000,0x0000,0x0000,0x0000,0x0000,0x0000,0x0000,
    0x0000,0x0000,0x0000,0x0000,0x0000,0x0000,0x0000,0x0000,0x0000,0x0000,0x0000,0x0000,0x0000,0x0000,0x0000,0x0000,
    0x0000,0x0000,0x0000,0x0000,0x0000,0x0000,0x0000,0x0000,0x0000,0x0000,0x0000,0x0000,0x0000,0x0000,0x0000,0x0000,
    0x0000,0x0000,0x0000,0x0000,0x0000,0x0000,0x0000,0x0000,0x0000,0x0000,0x0000,0x0000,0x0000,0x0000,0x0000,0x0000,
    0x0000,0x0000,0x0000,0x0000,0x0000,0x0000,0x0000,0x0000,0x0000,0x0000,0x0000,0x0000,0x0000,0x0000,0x0000,0x0000,
    0x0000,0x0000,0x0000,0x0000,0x0000,0x0000,0x0000,0x0000,0x0000,0x0000,0x0000,0x0000,0x0000,0x0000,0x0000,0x0000,
    0x0000,0x0000,0x0000,0x0000,0x0000,0x0000,0x0000,0x0000,0x0000,0x0000,0x0000,0x0000,0x0000,0x0000,0x0000,0x0000,
    0x0000,0x0000,0x0000,0x0000,0x0000,0x0000,0x0000,0x0000,0x0000,0x0000,0x0000,0x0000,0x0000,0x0000,0x0000,0x0000,
    0x0000,0x0000,0x0000,0x0000,0x0000,0x0000,0x0000,0x0000,0x0000,0x0000,0x0000,0x0000,0x0000,0x0000,0x0000,0x0000,
    0x0000,0x0000,0x0000,0x0000,0x0000,0x0000,0x0000,0x0000,0x0000,0x0000,0x0000,0x0000,0x0000,0x0000,0x0000,0x0000,
    0x0000,0x0000,0x0000,0x0000,0x0000,0x0000,0x0000,0x0000,0x0000,0x0000,0x0000,0x0000,0x0000,0x0000,0x0000,0x0000,
    0x0000,0x0000,0x0000,0x0000,0x0000,0x0000,0x0000,0x8E12,0x8E12,0x8E12,0x8E12,0x8E12,0x8E12,0x8E12,0x8E12,0x8E12,
    0x8E12,0x8E12,0x8E12,0x8E12,0x8E12,0x8E12,0x8E12,0x8E12,0x8E12,0x8E12,0x8E12,0x8E12,0x8E12,0x8E12,0x8E12,0x8E12,
    0x8E12,0x8E12,0x8E12,0x8E12,0x8E12,0x8E15,0x8E16,0x8E17,0x8E18,0x8E19,0x8E18,0x8E18,0x8E18,0x8E19,0x8E18,0x8E1A,
    0x8E18,0x8E18,0x8E18,0x8E40,0x8E24,0x8E12,0x8E3B,0x8E11,0x8E23,0x8E4A,0x8E49,0x8E49,0x8E33,0x8E49,0x8E49,0x8E49,
    0x8E82,0x900F,0x902F,0x9047,0x9054,0x905F,0x9052,0x905D,0x907D,0x905B,0x906E,0x906D,0x9200,0x920D,0x921A,0x9220,
    0x921A,0x9227,0x9230,0x9237,0x923B,0x0000,0x0000,0x0000,0x0000,0x0000,0x0000,0x0000,0x0000,0x0000,0x0000,0x0000,
    0x0000,0x0000,0x0000,0x0000,0x0000,0x0000,0x0000,0x0000,0x0000,0x0000,0x0000,0x0000,0x0000,0x0000,0x0000,0x0000,
    0x0000,0x0000,0x0000,0x0000,0x0000,0x0000,0x0000,0x0000,0x0000,0x0000,0x0000,0x0000,0x0000,0x0000,0x0000,0x0000,
    0x0000,0x0000,0x0000,0x0000,0x0000,0x0000,0x0000,0x0000,0x0000,0x0000,0x0000,0x0000,0x0000,0x0000,0x0000,0x0000,
    0x0000,0x0000,0x0000,0x0000,0x0000,0x0000,0x0000,0x0000,0x0000,0x0000,0x0000,0x0000,0x0000,0x0000,0x0000,0x0000,
    0x0000,0x0000,0x0000,0x0000,0x0000,0x0000,0x0000,0x0000,0x0000,0x0000,0x0000,0x0000,0x0000,0x0000,0x0000,0x0000,
    0x0000,0x0000,0x0000,0x0000,0x0000,0x0000,0x0000,0x0000,0x0000,0x0000,0x0000,0x0000,0x0000,0x0000,0x0000,0x0000,
    0x0000,0x0000,0x0000,0x0000,0x0000,0x0000,0x0000,0x0000,0x0000,0x0000,0x0000,0x0000,0x0000,0x0000,0x0000,0x0000,
    0x0000,0x0000,0x0000,0x0000,0x0000,0x0000,0x0000,0x0000,0x0000,0x0000,0x0000,0x0000,0x0000,0x0000,0x0000,0x0000,
    0x0000,0x0000,0x0000,0x0000,0x0000,0x0000,0x0000,0x0000,0x0000,0x0000,0x0000,0x0000,0x0000,0x0000,0x0000,0x0000,
    0x0000,0x0000,0x0000,0x0000,0x0000,0x0000,0x0000,0x0000,0x0000,0x0000,0x0000,0x0000,0x0000,0x0000,0x0000,0x0000,
    0x0000,0x0000,0x0000,0x0000,0x0000,0x0000,0x0000,0x0000,0x0000,0x0000,0x0000,0x0000,0x0000,0x0000,0x0000,0x0000,
    0x0000,0x0000,0x0000,0x0000,0x0000,0x0000,0x0000,0x0000,0x0000,0x0000,0x0000,0x0000,0x0000,0x0000,0x0000,0x0000,
    0x0000,0x0000,0x0000,0x0000,0x0000,0x0000,0x0000,0x0000,0x0000,0x0000,0x0000,0x0000,0x0000,0x0000,0x0000,0x0000,
    0x0000,0x0000,0x0000,0x0000,0x0000,0x0000,0x0000,0x0000,0x0000,0x0000,0x0000,0x0000,0x0000,0x0000,0x0000,0x0000,
    0x0000,0x0000,0x0000,0x0000,0x0000,0x0000,0x0000,0x8E12,0x8E12,0x8E12,0x8E12,0x8E12,0x8E12,0x8E12,0x8E12,0x8E12,
    0x8E12,0x8E12,0x8E12,0x8E12,0x8E12,0x8E12,0x8E12,0x8E12,0x8E12,0x8E12,0x8E12,0x8E12,0x8E12,0x8E12,0x8E12,0x8E12,
    0x8E12,0x8E12,0x8E12,0x8E12,0x8E12,0x8E12,0x8E26,0x8E27,0x8E28,0x8E14,0x8E14,0x8E14,0x8E25,0x8E14,0x8E14,0x8E14,
    0x8E37,0x8E14,0x8E14,0x8E14,0x8E13,0x8E24,0x8E12,0x8E12,0x8E35,0x8E3A,0x8E54,0x8E49,0x8E33,0x8E49,0x8E49,0x8E49,
    0x8E83,0x9010,0x9030,0x9048,0x9055,0x9060,0x9071,0x905E,0x9051,0x9092,0x906F,0x907D,0x9200,0x920E,0x921B,0x9221,
    0x9222,0x9227,0x9231,0x9238,0x923C,0x923F,0x9249,0x9221,0x921B,0x926B,0x9231,0x9238,0x923C,0x923F,0x9249,0x9221,
    0x921B,0x9400,0x941A,0x9427,0x9430,0x9440,0x9450,0x940C,0x9420,0x9400,0x941A,0x9427,0x9430,0x9440,0x9450,0x940C,
    0x940C,0x942B,0x94A1,0x94A7,0x94B7,0x94B7,0x94B7,0x94B7,0x94B7,0x94FE,0x950D,0x9600,0x9616,0x9629,0x9616,0x9629,
    0x9616,0x9629,0x9616,0x9629,0x9678,0x9685,0x9691,0x969C,0x96A6,0x96AF,0x96B7,0x9686,0x9679,0x9686,0x9679,0x9686,
    0x96D5,0x96DC,0x96ED,0x96FA,0x9709,0x9800,0x980E,0x981C,0x982A,0x9835,0x9840,0x984A,0x9854,0x984A,0x9854,0x984A,
    0x0000,0x0000,0x0000,0x0000,0x0000,0x0000,0x0000,0x0000,0x0000,0x0000,0x0000,0x0000,0x0000,0x0000,0x0000,0x0000,
    0x0000,0x0000,0x0000,0x0000,0x0000,0x0000,0x0000,0x0000,0x0000,0x0000,0x0000,0x0000,0x0000,0x0000,0x0000,0x0000,
    0x0000,0x0000,0x0000,0x0000,0x0000,0x0000,0x0000,0x0000,0x0000,0x0000,0x0000,0x0000,0x0000,0x0000,0x0000,0x0000,
    0x0000,0x0000,0x0000,0x0000,0x0000,0x0000,0x0000,0x0000,0x0000,0x0000,0x0000,0x0000,0x0000,0x0000,0x0000,0x0000,
    0x0000,0x0000,0x0000,0x0000,0x0000,0x0000,0x0000,0x0000,0x0000,0x0000,0x0000,0x0000,0x0000,0x0000,0x0000,0x0000,
    0x0000,0x0000,0x0000,0x0000,0x0000,0x0000,0x0000,0x0000,0x0000,0x0000,0x0000,0x0000,0x0000,0x0000,0x0000,0x0000,
    0x0000,0x0000,0x0000,0x0000,0x0000,0x0000,0x0000,0x0000,0x0000,0x0000,0x0000,0x0000,0x0000,0x0000,0x0000,0x0000,
    0x0000,0x0000,0x0000,0x0000,0x0000,0x0000,0x0000,0x0000,0x0000,0x0000,0x0000,0x0000,0x0000,0x0000,0x0000,0x0000,
    0x0000,0x0000,0x0000,0x0000,0x0000,0x0000,0x0000,0x0000,0x0000,0x0000,0x0000,0x0000,0x0000,0x0000,0x0000,0x0000,
    0x0000,0x0000,0x0000,0x0000,0x0000,0x0000,0x0000,0x0000,0x0000,0x0000,0x0000,0x0000,0x0000,0x0000,0x0000,0x0000,
    0x0000,0x0000,0x0000,0x0000,0x0000,0x0000,0x0000,0x8E12,0x8E12,0x8E12,0x8E12,0x8E12,0x8E12,0x8E12,0x8E12,0x8E12,
    0x8E12,0x8E12,0x8E12,0x8E12,0x8E12,0x8E12,0x8E12,0x8E12,0x8E12,0x8E12,0x8E12,0x8E12,0x8E12,0x8E12,0x8E12,0x8E12,
    0x8E12,0x8E12,0x8E12,0x8E12,0x8E12,0x8E12,0x8E12,0x8E38,0x8E39,0x8E28,0x8E25,0x8E14,0x8E14,0x8E25,0x8E25,0x8E14,
    0x8E14,0x8E37,0x8E25,0x8E14,0x8E14,0x8E13,0x8E24,0x8E12,0x8E3B,0x8E11,0x8E23,0x8E4A,0x8E33,0x8E49,0x8E49,0x8E49,
    0x8E84,0x9011,0x9031,0x9049,0x9056,0x9061,0x9071,0x905F,0x9052,0x905D,0x900D,0x906C,0x9200,0x920D,0x921A,0x9220,
    0x921B,0x9228,0x9232,0x9239,0x923D,0x9240,0x924A,0x9220,0x921A,0x926C,0x9232,0x9239,0x923D,0x9240,0x924A,0x9220,
    0x921A,0x9401,0x941B,0x9428,0x9431,0x9441,0x9451,0x940D,0x9421,0x9401,0x941B,0x9428,0x9431,0x9441,0x9451,0x940D,
    0x940D,0x9420,0x94A2,0x94A8,0x94B7,0x94B7,0x94B7,0x94B7,0x94B7,0x94FF,0x950E,0x9601,0x9617,0x962A,0x9617,0x962A,
    0x9617,0x962A,0x9617,0x962A,0x9679,0x9686,0x9692,0x969D,0x96A7,0x9691,0x96B8,0x9685,0x967A,0x9685,0x967A,0x9685,
    0x96D5,0x96DD,0x96EE,0x96FB,0x9709,0x9800,0x980F,0x981C,0x982A,0x9836,0x9841,0x9836,0x9855,0x9836,0x984A,0x9836,
    0x0000,0x0000,0x0000,0x0000,0x0000,0x0000,0x0000,0x0000,0x0000,0x0000,0x0000,0x0000,0x0000,0x0000,0x0000,0x0000,
    0x0000,0x0000,0x0000,0x0000,0x0000,0x0000,0x0000,0x0000,0x0000,0x0000,0x0000,0x0000,0x0000,0x0000,0x0000,0x0000,
    0x0000,0x0000,0x0000,0x0000,0x0000,0x0000,0x0000,0x0000,0x0000,0x0000,0x0000,0x0000,0x0000,0x0000,0x0000,0x0000,
    0x0000,0x0000,0x0000,0x0000,0x0000,0x0000,0x0000,0x0000,0x0000,0x0000,0x0000,0x0000,0x0000,0x0000,0x0000,0x0000,
    0x0000,0x0000,0x0000,0x0000,0x0000,0x0000,0x0000,0x0000,0x0000,0x0000,0x0000,0x0000,0x0000,0x0000,0x0000,0x0000,
    0x0000,0x0000,0x0000,0x0000,0x0000,0x0000,0x0000,0x0000,0x0000,0x0000,0x0000,0x0000,0x0000,0x0000,0x0000,0x0000,
    0x0000,0x0000,0x0000,0x0000,0x0000,0x0000,0x0000,0x0000,0x0000,0x0000,0x0000,0x0000,0x0000,0x0000,0x0000,0x0000,
    0x0000,0x0000,0x0000,0x0000,0x0000,0x0000,0x0000,0x0000,0x0000,0x0000,0x0000,0x0000,0x0000,0x0000,0x0000,0x0000,
    0x0000,0x0000,0x0000,0x0000,0x0000,0x0000,0x0000,0x0000,0x0000,0x0000,0x0000,0x0000,0x0000,0x0000,0x0000,0x0000,
    0x0000,0x0000,0x0000,0x0000,0x0000,0x0000,0x0000,0x0000,0x0000,0x0000,0x0000,0x0000,0x0000,0x0000,0x0000,0x0000,
    0x0000,0x0000,0x0000,0x0000,0x0000,0x0000,0x0000,0x8E12,0x8E12,0x8E12,0x8E12,0x8E12,0x8E12,0x8E12,0x8E12,0x8E12,
    0x8E12,0x8E12,0x8E12,0x8E12,0x8E12,0x8E12,0x8E12,0x8E12,0x8E12,0x8E12,0x8E12,0x8E12,0x8E12,0x8E12,0x8E12,0x8E12,
    0x8E12,0x8E12,0x8E12,0x8E12,0x8E12,0x8E12,0x8E12,0x8E12,0x8E3C,0x8E3D,0x8E3E,0x8E14,0x8E14,0x8E25,0x8E14,0x8E14,
    0x8E14,0x8E25,0x8E3E,0x8E14,0x8E14,0x8E25,0x8E36,0x8E24,0x8E12,0x8E12,0x8E35,0x8E3A,0x8E41,0x8E49,0x8E49,0x8E49,
    0x8E84,0x9012,0x9032,0x904A,0x9056,0x9062,0x9072,0x9060,0x9053,0x905E,0x9051,0x9092,0x9201,0x920F,0x921C,0x920F,
    0x9223,0x9229,0x9233,0x923A,0x923E,0x9233,0x923A,0x9229,0x9265,0x9223,0x923E,0x9233,0x923A,0x923E,0x9233,0x9265,
    0x9265,0x9402,0x941C,0x9429,0x9432,0x941C,0x9429,0x9459,0x945C,0x9459,0x9432,0x941C,0x947F,0x9402,0x9491,0x947F,
    0x947F,0x9402,0x9491,0x94A9,0x94B7,0x94B7,0x94B7,0x94B7,0x94B7,0x94FE,0x950D,0x9600,0x9616,0x9629,0x9616,0x9629,
    0x9616,0x9629,0x9616,0x9629,0x967A,0x9685,0x9691,0x969C,0x96A6,0x9692,0x96B7,0x9686,0x9679,0x9686,0x9679,0x9686,
    0x96D5,0x96DE,0x9636,0x96FC,0x970A,0x9801,0x9810,0x981C,0x982B,0x9837,0x9842,0x984A,0x984A,0x9855,0x9836,0x984A,
    0x0000,0x0000,0x0000,0x0000,0x0000,0x0000,0x0000,0x0000,0x0000,0x0000,0x0000,0x0000,0x0000,0x0000,0x0000,0x0000,
    0x0000,0x0000,0x0000,0x0000,0x0000,0x0000,0x0000,0x0000,0x0000,0x0000,0x0000,0x0000,0x0000,0x0000,0x0000,0x0000,
    0x0000,0x0000,0x0000,0x0000,0x0000,0x0000,0x0000,0x0000,0x0000,0x0000,0x0000,0x0000,0x0000,0x0000,0x0000,0x0000,
    0x0000,0x0000,0x0000,0x0000,0x0000,0x0000,0x0000,0x0000,0x0000,0x0000,0x0000,0x0000,0x0000,0x0000,0x0000,0x0000,
    0x0000,0x0000,0x0000,0x0000,0x0000,0x0000,0x0000,0x0000,0x0000,0x0000,0x0000,0x0000,0x0000,0x0000,0x0000,0x0000,
    0x0000,0x0000,0x0000,0x0000,0x0000,0x0000,0x0000,0x0000,0x0000,0x0000,0x0000,0x0000,0x0000,0x0000,0x0000,0x0000,
    0x0000,0x0000,0x0000,0x0000,0x0000,0x0000,0x0000,0x0000,0x0000,0x0000,0x0000,0x0000,0x0000,0x0000,0x0000,0x0000,
    0x0000,0x0000,0x0000,0x0000,0x0000,0x0000,0x0000,0x0000,0x0000,0x0000,0x0000,0x0000,0x0000,0x0000,0x0000,0x0000,
    0x0000,0x0000,0x0000,0x0000,0x0000,0x0000,0x0000,0x0000,0x0000,0x0000,0x0000,0x0000,0x0000,0x0000,0x0000,0x0000,
    0x0000,0x0000,0x0000,0x0000,0x0000,0x0000,0x0000,0x0000,0x0000,0x0000,0x0000,0x0000,0x0000,0x0000,0x0000,0x0000,
    0x0000,0x0000,0x0000,0x0000,0x0000,0x0000,0x0000,0x8E12,0x8E12,0x8E12,0x8E12,0x8E12,0x8E12,0x8E12,0x8E12,0x8E12,
    0x8E12,0x8E12,0x8E12,0x8E12,0x8E12,0x8E12,0x8E12,0x8E12,0x8E12,0x8E12,0x8E12,0x8E12,0x8E12,0x8E12,0x8E12,0x8E12,
    0x8E12,0x8E12,0x8E12,0x8E12,0x8E12,0x8E12,0x8E12,0x8E12,0x8E12,0x8E15,0x8E16,0x8E17,0x8E18,0x8E19,0x8E18,0x8E18,
    0x8E18,0x8E19,0x8E18,0x8E1A,0x8E18,0x8E18,0x8E18,0x8E40,0x8E24,0x8E12,0x8E3B,0x8E11,0x8E23,0x8E4A,0x8E49,0x8E49,
    0x8E84,0x9013,0x9033,0x904A,0x9056,0x9063,0x9073,0x907F,0x9054,0x905F,0x9052,0x905D,0x9200,0x9210,0x921D,0x9210,
    0x9224,0x922A,0x9224,0x921D,0x922A,0x9224,0x921D,0x922A,0x9224,0x921D,0x922A,0x9224,0x921D,0x922A,0x9224,0x921D,
    0x9224,0x9403,0x941D,0x942A,0x9403,0x941D,0x942A,0x9403,0x941D,0x942A,0x9403,0x941D,0x9480,0x942A,0x9492,0x9480,
    0x9480,0x942A,0x9492,0x94AA,0x94B7,0x94C7,0x94D5,0x94B7,0x94B7,0x94FF,0x950E,0x9601,0x9617,0x962A,0x9617,0x962A,
    0x9618,0x962B,0x9618,0x962B,0x9679,0x9686,0x9692,0x969D,0x96A7,0x9691,0x96B8,0x9685,0x967A,0x9685,0x967A,0x9685,
    0x96D5,0x96DF,0x96EF,0x96FD,0x970B,0x9802,0x9811,0x981D,0x982C,0x9838,0x9843,0x984B,0x9856,0x9863,0x9855,0x9836,
    0x0000,0x0000,0x0000,0x0000,0x0000,0x0000,0x0000,0x0000,0x0000,0x0000,0x0000,0x0000,0x0000,0x0000,0x0000,0x0000,
    0x0000,0x0000,0x0000,0x0000,0x0000,0x0000,0x0000,0x0000,0x0000,0x0000,0x0000,0x0000,0x0000,0x0000,0x0000,0x0000,
    0x0000,0x0000,0x0000,0x0000,0x0000,0x0000,0x0000,0x0000,0x0000,0x0000,0x0000,0x0000,0x0000,0x0000,0x0000,0x0000,
    0x0000,0x0000,0x0000,0x0000,0x0000,0x0000,0x0000,0x0000,0x0000,0x0000,0x0000,0x0000,0x0000,0x0000,0x0000,0x0000,
    0x0000,0x0000,0x0000,0x0000,0x0000,0x0000,0x0000,0x0000,0x0000,0x0000,0x0000,0x0000,0x0000,0x0000,0x0000,0x0000,
    0x0000,0x0000,0x0000,0x0000,0x0000,0x0000,0x0000,0x0000,0x0000,0x0000,0x0000,0x0000,0x0000,0x0000,0x0000,0x0000,
    0x0000,0x0000,0x0000,0x0000,0x0000,0x0000,0x0000,0x0000,0x0000,0x0000,0x0000,0x0000,0x0000,0x0000,0x0000,0x0000,
    0x0000,0x0000,0x0000,0x0000,0x0000,0x0000,0x0000,0x0000,0x0000,0x0000,0x0000,0x0000,0x0000,0x0000,0x0000,0x0000,
    0x0000,0x0000,0x0000,0x0000,0x0000,0x0000,0x0000,0x0000,0x0000,0x0000,0x0000,0x0000,0x0000,0x0000,0x0000,0x0000,
    0x0000,0x0000,0x0000,0x0000,0x0000,0x0000,0x0000,0x0000,0x0000,0x0000,0x0000,0x0000,0x0000,0x0000,0x0000,0x0000,
    0x0000,0x0000,0x0000,0x0000,0x0000,0x0000,0x0000,0x8E12,0x8E12,0x8E12,0x8E12,0x8E12,0x8E12,0x8E12,0x8E12,0x8E12,
    0x8E12,0x8E12,0x8E12,0x8E12,0x8E12,0x8E12,0x8E12,0x8E12,0x8E12,0x8E12,0x8E12,0x8E12,0x8E12,0x8E12,0x8E12,0x8E12,
    0x8E12,0x8E12,0x8E12,0x8E12,0x8E12,0x8E12,0x8E12,0x8E12,0x8E12,0x8E12,0x8E26,0x8E27,0x8E28,0x8E14,0x8E14,0x8E14,
    0x8E25,0x8E14,0x8E14,0x8E14,0x8E37,0x8E14,0x8E14,0x8E14,0x8E13,0x8E24,0x8E12,0x8E12,0x8E35,0x8E3A,0x8E54,0x8E49,
    0x8E85,0x9014,0x9034,0x904A,0x9056,0x9064,0x9074,0x9080,0x908A,0x9060,0x9071,0x905E,0x9200,0x920E,0x921B,0x9221,
    0x921B,0x9221,0x921B,0x9221,0x9221,0x9221,0x924B,0x925F,0x925F,0x926D,0x925F,0x926D,0x925F,0x926D,0x925F,0x926D,
    0x926D,0x9404,0x940C,0x942B,0x9420,0x940C,0x9420,0x940C,0x940C,0x942B,0x940C,0x9472,0x940C,0x942B,0x940C,0x942B,
    0x940C,0x942B,0x94A1,0x94A7,0x94B8,0x94C8,0x94B0,0x94E3,0x94B8,0x94FE,0x950D,0x9600,0x9616,0x9629,0x9616,0x9629,
    0x9616,0x9629,0x9616,0x9629,0x967A,0x9685,0x9691,0x969C,0x96A6,0x9692,0x96B7,0x9686,0x9679,0x9686,0x9679,0x9686,
    0x96D5,0x96E0,0x96F0,0x96FE,0x9709,0x9803,0x9812,0x981E,0x982D,0x9839,0x9806,0x984C,0x9857,0x9864,0x9871,0x987A,
    0x0000,0x0000,0x0000,0x0000,0x0000,0x0000,0x0000,0x0000,0x0000,0x0000,0x0000,0x0000,0x0000,0x0000,0x0000,0x0000,
    0x0000,0x0000,0x0000,0x0000,0x0000,0x0000,0x0000,0x0000,0x0000,0x0000,0x0000,0x0000,0x0000,0x0000,0x0000,0x0000,
    0x0000,0x0000,0x0000,0x0000,0x0000,0x0000,0x0000,0x0000,0x0000,0x0000,0x0000,0x0000,0x0000,0x0000,0x0000,0x0000,
    0x0000,0x0000,0x0000,0x0000,0x0000,0x0000,0x0000,0x0000,0x0000,0x0000,0x0000,0x0000,0x0000,0x0000,0x0000,0x0000,
    0x0000,0x0000,0x0000,0x0000,0x0000,0x0000,0x0000,0x0000,0x0000,0x0000,0x0000,0x0000,0x0000,0x0000,0x0000,0x0000,
    0x0000,0x0000,0x0000,0x0000,0x0000,0x0000,0x0000,0x0000,0x0000,0x0000,0x0000,0x0000,0x0000,0x0000,0x0000,0x0000,
    0x0000,0x0000,0x0000,0x0000,0x0000,0x0000,0x0000,0x0000,0x0000,0x0000,0x0000,0x0000,0x0000,0x0000,0x0000,0x0000,
    0x0000,0x0000,0x0000,0x0000,0x0000,0x0000,0x0000,0x0000,0x0000,0x0000,0x0000,0x0000,0x0000,0x0000,0x0000,0x0000,
    0x0000,0x0000,0x0000,0x0000,0x0000,0x0000,0x0000,0x0000,0x0000,0x0000,0x0000,0x0000,0x0000,0x0000,0x0000,0x0000,
    0x0000,0x0000,0x0000,0x0000,0x0000,0x0000,0x0000,0x0000,0x0000,0x0000,0x0000,0x0000,0x0000,0x0000,0x0000,0x0000,
    0x0000,0x0000,0x0000,0x0000,0x0000,0x0000,0x0000,0x8E12,0x8E12,0x8E12,0x8E12,0x8E12,0x8E12,0x8E12,0x8E12,0x8E12,
    0x8E12,0x8E12,0x8E12,0x8E12,0x8E12,0x8E12,0x8E12,0x8E12,0x8E12,0x8E12,0x8E12,0x8E12,0x8E12,0x8E12,0x8E12,0x8E12,
    0x8E12,0x8E12,0x8E12,0x8E12,0x8E12,0x8E12,0x8E12,0x8E12,0x8E12,0x8E12,0x8E12,0x8E38,0x8E39,0x8E28,0x8E25,0x8E14,
    0x8E14,0x8E25,0x8E25,0x8E14,0x8E14,0x8E37,0x8E25,0x8E14,0x8E14,0x8E13,0x8E24,0x8E12,0x8E3B,0x8E11,0x8E23,0x8E4A,
    0x8E86,0x9015,0x9035,0x904A,0x9056,0x9065,0x9075,0x9081,0x908B,0x9093,0x9071,0x905F,0x9200,0x920D,0x921A,0x9220,
    0x921A,0x9220,0x921A,0x9220,0x9221,0x9241,0x924C,0x9260,0x9266,0x926E,0x9266,0x926E,0x9266,0x926E,0x9266,0x926E,
    0x9292,0x9405,0x941E,0x942B,0x9421,0x940D,0x9421,0x940D,0x940D,0x9420,0x946A,0x9473,0x940D,0x9420,0x940D,0x9420,
    0x940D,0x9420,0x94A2,0x94A7,0x94B9,0x94B9,0x94D6,0x94B9,0x94EF,0x94FF,0x950E,0x9601,0x9617,0x962A,0x9617,0x962A,
    0x9617,0x962A,0x9617,0x962A,0x9679,0x9686,0x9692,0x969D,0x96A7,0x9691,0x96B8,0x9685,0x967A,0x9685,0x967A,0x9685,
    0x96D5,0x96E1,0x96F1,0x96FF,0x9709,0x9803,0x9813,0x981F,0x982E,0x983A,0x9844,0x9839,0x9806,0x9806,0x9872,0x987B,
    0x0000,0x0000,0x0000,0x0000,0x0000,0x0000,0x0000,0x0000,0x0000,0x0000,0x0000,0x0000,0x0000,0x0000,0x0000,0x0000,
    0x0000,0x0000,0x0000,0x0000,0x0000,0x0000,0x0000,0x0000,0x0000,0x0000,0x0000,0x0000,0x0000,0x0000,0x0000,0x0000,
    0x0000,0x0000,0x0000,0x0000,0x0000,0x0000,0x0000,0x0000,0x0000,0x0000,0x0000,0x0000,0x0000,0x0000,0x0000,0x0000,
    0x0000,0x0000,0x0000,0x0000,0x0000,0x0000,0x0000,0x0000,0x0000,0x0000,0x0000,0x0000,0x0000,0x0000,0x0000,0x0000,
    0x0000,0x0000,0x0000,0x0000,0x0000,0x0000,0x0000,0x0000,0x0000,0x0000,0x0000,0x0000,0x0000,0x0000,0x0000,0x0000,
    0x0000,0x0000,0x0000,0x0000,0x0000,0x0000,0x0000,0x0000,0x0000,0x0000,0x0000,0x0000,0x0000,0x0000,0x0000,0x0000,
    0x0000,0x0000,0x0000,0x0000,0x0000,0x0000,0x0000,0x0000,0x0000,0x0000,0x0000,0x0000,0x0000,0x0000,0x0000,0x0000,
    0x0000,0x0000,0x0000,0x0000,0x0000,0x0000,0x0000,0x0000,0x0000,0x0000,0x0000,0x0000,0x0000,0x0000,0x0000,0x0000,
    0x0000,0x0000,0x0000,0x0000,0x0000,0x0000,0x0000,0x0000,0x0000,0x0000,0x0000,0x0000,0x0000,0x0000,0x0000,0x0000,
    0x0000,0x0000,0x0000,0x0000,0x0000,0x0000,0x0000,0x0000,0x0000,0x0000,0x0000,0x0000,0x0000,0x0000,0x0000,0x0000,
    0x0000,0x0000,0x0000,0x0000,0x0000,0x0000,0x0000,0x8E12,0x8E12,0x8E12,0x8E12,0x8E12,0x8E12,0x8E12,0x8E12,0x8E12,
    0x8E12,0x8E12,0x8E12,0x8E12,0x8E12,0x8E12,0x8E12,0x8E12,0x8E12,0x8E12,0x8E12,0x8E12,0x8E12,0x8E12,0x8E12,0x8E12,
    0x8E12,0x8E12,0x8E12,0x8E12,0x8E12,0x8E12,0x8E12,0x8E12,0x8E12,0x8E12,0x8E12,0x8E12,0x8E3C,0x8E3D,0x8E3E,0x8E14,
    0x8E14,0x8E25,0x8E14,0x8E14,0x8E14,0x8E25,0x8E3E,0x8E14,0x8E14,0x8E25,0x8E36,0x8E24,0x8E12,0x8E12,0x8E35,0x8E3A,
    0x8E87,0x9016,0x9036,0x904A,0x9056,0x9066,0x9076,0x9082,0x908C,0x9094,0x909A,0x9060,0x9200,0x920E,0x921B,0x9221,
    0x921B,0x9221,0x921B,0x9221,0x9221,0x9221,0x924D,0x9221,0x9221,0x9220,0x9221,0x9220,0x9221,0x9220,0x9221,0x9220,
    0x9220,0x9406,0x940C,0x942B,0x9420,0x940C,0x9420,0x940C,0x940C,0x942B,0x940C,0x9474,0x940C,0x942B,0x940C,0x942B,
    0x940C,0x942B,0x94A1,0x94A7,0x94B9,0x94B9,0x94D6,0x94B9,0x94F0,0x94FE,0x950D,0x9600,0x9616,0x9629,0x9616,0x9629,
    0x9616,0x9629,0x9616,0x9629,0x967A,0x9687,0x9693,0x969E,0x96A6,0x9692,0x96B7,0x9686,0x9679,0x9686,0x9679,0x9686,
    0x96D5,0x96E2,0x9636,0x9700,0x970C,0x9803,0x9813,0x981F,0x982E,0x983B,0x9823,0x984D,0x9844,0x9839,0x9806,0x9806,
    0x0000,0x0000,0x0000,0x0000,0x0000,0x0000,0x0000,0x0000,0x0000,0x0000,0x0000,0x0000,0x0000,0x0000,0x0000,0x0000,
    0x0000,0x0000,0x0000,0x0000,0x0000,0x0000,0x0000,0x0000,0x0000,0x0000,0x0000,0x0000,0x0000,0x0000,0x0000,0x0000,
    0x0000,0x0000,0x0000,0x0000,0x0000,0x0000,0x0000,0x0000,0x0000,0x0000,0x0000,0x0000,0x0000,0x0000,0x0000,0x0000,
    0x0000,0x0000,0x0000,0x0000,0x0000,0x0000,0x0000,0x0000,0x0000,0x0000,0x0000,0x0000,0x0000,0x0000,0x0000,0x0000,
    0x0000,0x0000,0x0000,0x0000,0x0000,0x0000,0x0000,0x0000,0x0000,0x0000,0x0000,0x0000,0x0000,0x0000,0x0000,0x0000,
    0x0000,0x0000,0x0000,0x0000,0x0000,0x0000,0x0000,0x0000,0x0000,0x0000,0x0000,0x0000,0x0000,0x0000,0x0000,0x0000,
    0x0000,0x0000,0x0000,0x0000,0x0000,0x0000,0x0000,0x0000,0x0000,0x0000,0x0000,0x0000,0x0000,0x0000,0x0000,0x0000,
    0x0000,0x0000,0x0000,0x0000,0x0000,0x0000,0x0000,0x0000,0x0000,0x0000,0x0000,0x0000,0x0000,0x0000,0x0000,0x0000,
    0x0000,0x0000,0x0000,0x0000,0x0000,0x0000,0x0000,0x0000,0x0000,0x0000,0x0000,0x0000,0x0000,0x0000,0x0000,0x0000,
    0x0000,0x0000,0x0000,0x0000,0x0000,0x0000,0x0000,0x0000,0x0000,0x0000,0x0000,0x0000,0x0000,0x0000,0x0000,0x0000,
    0x0000,0x0000,0x0000,0x0000,0x0000,0x0000,0x0000,0x8E12,0x8E12,0x8E12,0x8E12,0x8E12,0x8E12,0x8E12,0x8E12,0x8E12,
    0x8E12,0x8E12,0x8E12,0x8E12,0x8E12,0x8E12,0x8E12,0x8E12,0x8E12,0x8E12,0x8E12,0x8E12,0x8E12,0x8E12,0x8E12,0x8E12,
    0x8E12,0x8E12,0x8E12,0x8E12,0x8E12,0x8E12,0x8E12,0x8E12,0x8E12,0x8E12,0x8E12,0x8E12,0x8E12,0x8E15,0x8E16,0x8E17,
    0x8E18,0x8E19,0x8E18,0x8E18,0x8E18,0x8E19,0x8E18,0x8E1A,0x8E18,0x8E18,0x8E18,0x8E40,0x8E24,0x8E12,0x8E3B,0x8E11,
    0x8E88,0x9017,0x9037,0x904A,0x9056,0x9067,0x9077,0x9083,0x908D,0x9095,0x909B,0x9093,0x9200,0x920D,0x921A,0x9220,
    0x921A,0x9220,0x921A,0x9220,0x9220,0x9220,0x924E,0x9261,0x9261,0x926F,0x9261,0x926F,0x9261,0x926F,0x9261,0x926F,
    0x926F,0x9407,0x940D,0x9420,0x9421,0x940D,0x9421,0x940D,0x940D,0x9420,0x940D,0x9475,0x9481,0x9420,0x940D,0x9420,
    0x940D,0x9420,0x94A2,0x94AB,0x94BA,0x94C9,0x94D7,0x94C9,0x94F1,0x9500,0x950F,0x9602,0x9618,0x962B,0x9618,0x962B,
    0x9618,0x962B,0x9618,0x962B,0x967B,0x9688,0x9694,0x969F,0x96A8,0x96B0,0x96B9,0x96BF,0x96C6,0x96CD,0x96C6,0x96CD,
    0x96CD,0x96E3,0x9636,0x9701,0x9709,0x9803,0x9813,0x9820,0x982E,0x983C,0x9845,0x984E,0x9823,0x984D,0x9844,0x9839,
    0x0000,0x0000,0x0000,0x0000,0x0000,0x0000,0x0000,0x0000,0x0000,0x0000,0x0000,0x0000,0x0000,0x0000,0x0000,0x0000,
    0x0000,0x0000,0x0000,0x0000,0x0000,0x0000,0x0000,0x0000,0x0000,0x0000,0x0000,0x0000,0x0000,0x0000,0x0000,0x0000,
    0x0000,0x0000,0x0000,0x0000,0x0000,0x0000,0x0000,0x0000,0x0000,0x0000,0x0000,0x0000,0x0000,0x0000,0x0000,0x0000,
    0x0000,0x0000,0x0000,0x0000,0x0000,0x0000,0x0000,0x0000,0x0000,0x0000,0x0000,0x0000,0x0000,0x0000,0x0000,0x0000,
    0x0000,0x0000,0x0000,0x0000,0x0000,0x0000,0x0000,0x0000,0x0000,0x0000,0x0000,0x0000,0x0000,0x0000,0x0000,0x0000,
    0x0000,0x0000,0x0000,0x0000,0x0000,0x0000,0x0000,0x0000,0x0000,0x0000,0x0000,0x0000,0x0000,0x0000,0x0000,0x0000,
    0x0000,0x0000,0x0000,0x0000,0x0000,0x0000,0x0000,0x0000,0x0000,0x0000,0x0000,0x0000,0x0000,0x0000,0x0000,0x0000,
    0x0000,0x0000,0x0000,0x0000,0x0000,0x0000,0x0000,0x0000,0x0000,0x0000,0x0000,0x0000,0x0000,0x0000,0x0000,0x0000,
    0x0000,0x0000,0x0000,0x0000,0x0000,0x0000,0x0000,0x0000,0x0000,0x0000,0x0000,0x0000,0x0000,0x0000,0x0000,0x0000,
    0x0000,0x0000,0x0000,0x0000,0x0000,0x0000,0x0000,0x0000,0x0000,0x0000,0x0000,0x0000,0x0000,0x0000,0x0000,0x0000,
    0x0000,0x0000,0x0000,0x0000,0x0000,0x0000,0x0000,0x0000,0x0000,0x0000,0x0000,0x0000,0x0000,0x0000,0x0000,0x0000,
    0x8E12,0x8E12,0x8E12,0x8E12,0x8E12,0x8E12,0x8E12,0x8E12,0x8E12,0x8E12,0x8E12,0x8E12,0x8E12,0x8E12,0x8E12,0x8E12,
    0x8E12,0x8E12,0x8E12,0x8E12,0x8E12,0x8E12,0x8E12,0x8E12,0x8E12,0x8E12,0x8E12,0x8E12,0x8E12,0x8E12,0x8E26,0x8E27,
    0x8E28,0x8E14,0x8E14,0x8E14,0x8E25,0x8E14,0x8E14,0x8E14,0x8E37,0x8E14,0x8E14,0x8E14,0x8E13,0x8E24,0x8E12,0x8E12,
    0x9018,0x9038,0x904B,0x9057,0x9056,0x9078,0x9084,0x908E,0x908F,0x9096,0x909C,0x90A2,0x9200,0x920E,0x921B,0x9221,
    0x921B,0x9221,0x921B,0x9221,0x9221,0x9221,0x924F,0x9262,0x9267,0x9262,0x9267,0x9262,0x9267,0x9262,0x9267,0x9262,
    0x9267,0x9408,0x940C,0x942B,0x940C,0x942B,0x940C,0x942B,0x940C,0x942B,0x946B,0x9476,0x9482,0x948A,0x940C,0x942B,
    0x940C,0x942B,0x94A1,0x94AC,0x94BB,0x94AC,0x94BB,0x94AC,0x94BB,0x94AC,0x9510,0x9603,0x9619,0x962C,0x9619,0x9647,
    0x9651,0x965C,0x9666,0x9670,0x967C,0x9689,0x9695,0x96A0,0x96A9,0x96B1,0x9636,0x96C0,0x96C7,0x9636,0x96C7,0x9636,
    0x9636,0x96E4,0x9636,0x9701,0x9709,0x9803,0x9813,0x9821,0x982F,0x983D,0x9846,0x984F,0x9858,0x9823,0x9823,0x987C,
    0x0000,0x0000,0x0000,0x0000,0x0000,0x0000,0x0000,0x0000,0x0000,0x0000,0x0000,0x0000,0x0000,0x0000,0x0000,0x0000,
    0x0000,0x0000,0x0000,0x0000,0x0000,0x0000,0x0000,0x0000,0x0000,0x0000,0x0000,0x0000,0x0000,0x0000,0x0000,0x0000,
    0x0000,0x0000,0x0000,0x0000,0x0000,0x0000,0x0000,0x0000,0x0000,0x0000,0x0000,0x0000,0x0000,0x0000,0x0000,0x0000,
    0x0000,0x0000,0x0000,0x0000,0x0000,0x0000,0x0000,0x0000,0x0000,0x0000,0x0000,0x0000,0x0000,0x0000,0x0000,0x0000,
    0x0000,0x0000,0x0000,0x0000,0x0000,0x0000,0x0000,0x0000,0x0000,0x0000,0x0000,0x0000,0x0000,0x0000,0x0000,0x0000,
    0x0000,0x0000,0x0000,0x0000,0x0000,0x0000,0x0000,0x0000,0x0000,0x0000,0x0000,0x0000,0x0000,0x0000,0x0000,0x0000,
    0x0000,0x0000,0x0000,0x0000,0x0000,0x0000,0x0000,0x0000,0x0000,0x0000,0x0000,0x0000,0x0000,0x0000,0x0000,0x0000,
    0x0000,0x0000,0x0000,0x0000,0x0000,0x0000,0x0000,0x0000,0x0000,0x0000,0x0000,0x0000,0x0000,0x0000,0x0000,0x0000,
    0x0000,0x0000,0x0000,0x0000,0x0000,0x0000,0x0000,0x0000,0x0000,0x0000,0x0000,0x0000,0x0000,0x0000,0x0000,0x0000,
    0x0000,0x0000,0x0000,0x0000,0x0000,0x0000,0x0000,0x0000,0x0000,0x0000,0x0000,0x0000,0x0000,0x0000,0x0000,0x0000,
    0x0000,0x0000,0x0000,0x0000,0x0000,0x0000,0x0000,0x0000,0x0000,0x0000,0x0000,0x0000,0x0000,0x0000,0x0000,0x0000,
    0x8E12,0x8E12,0x8E12,0x8E12,0x8E12,0x8E12,0x8E12,0x8E12,0x8E12,0x8E12,0x8E12,0x8E12,0x8E12,0x8E12,0x8E12,0x8E12,
    0x8E12,0x8E12,0x8E12,0x8E12,0x8E12,0x8E12,0x8E12,0x8E12,0x8E12,0x8E12,0x8E12,0x8E12,0x8E12,0x8E12,0x8E12,0x8E38,
    0x8E39,0x8E28,0x8E25,0x8E14,0x8E14,0x8E25,0x8E25,0x8E14,0x8E14,0x8E37,0x8E25,0x8E14,0x8E14,0x8E13,0x8E24,0x9019,
    0x9039,0x904C,0x9038,0x904A,0x9056,0x907E,0x9078,0x9084,0x9091,0x9097,0x909D,0x90A3,0x9200,0x920D,0x921A,0x9220,
    0x921A,0x9220,0x921A,0x9220,0x9220,0x9220,0x9250,0x9220,0x9221,0x921B,0x9221,0x921B,0x9221,0x921B,0x9221,0x921B,
    0x9220,0x9409,0x940D,0x9420,0x940C,0x9420,0x940D,0x9420,0x940D,0x9420,0x940D,0x9477,0x9483,0x948B,0x940D,0x9420,
    0x940D,0x9420,0x94A2,0x94AD,0x94BC,0x94CA,0x94D8,0x94E4,0x94F2,0x9501,0x9511,0x9604,0x961A,0x962D,0x963A,0x9648,
    0x9652,0x965D,0x9667,0x9671,0x967D,0x968A,0x9696,0x96A1,0x96AA,0x96B2,0x96BA,0x96C1,0x96C8,0x96CE,0x96D1,0x96CE,
    0x96C8,0x96E5,0x96F2,0x9702,0x9709,0x9803,0x9813,0x9822,0x9823,0x983D,0x9847,0x9850,0x9859,0x9865,0x9873,0x9823,
    0x0000,0x0000,0x0000,0x0000,0x0000,0x0000,0x0000,0x0000,0x0000,0x0000,0x0000,0x0000,0x0000,0x0000,0x0000,0x0000,
    0x0000,0x0000,0x0000,0x0000,0x0000,0x0000,0x0000,0x0000,0x0000,0x0000,0x0000,0x0000,0x0000,0x0000,0x0000,0x0000,
    0x0000,0x0000,0x0000,0x0000,0x0000,0x0000,0x0000,0x0000,0x0000,0x0000,0x0000,0x0000,0x0000,0x0000,0x0000,0x0000,
    0x0000,0x0000,0x0000,0x0000,0x0000,0x0000,0x0000,0x0000,0x0000,0x0000,0x0000,0x0000,0x0000,0x0000,0x0000,0x0000,
    0x0000,0x0000,0x0000,0x0000,0x0000,0x0000,0x0000,0x0000,0x0000,0x0000,0x0000,0x0000,0x0000,0x0000,0x0000,0x0000,
    0x0000,0x0000,0x0000,0x0000,0x0000,0x0000,0x0000,0x0000,0x0000,0x0000,0x0000,0x0000,0x0000,0x0000,0x0000,0x0000,
    0x0000,0x0000,0x0000,0x0000,0x0000,0x0000,0x0000,0x0000,0x0000,0x0000,0x0000,0x0000,0x0000,0x0000,0x0000,0x0000,
    0x0000,0x0000,0x0000,0x0000,0x0000,0x0000,0x0000,0x0000,0x0000,0x0000,0x0000,0x0000,0x0000,0x0000,0x0000,0x0000,
    0x0000,0x0000,0x0000,0x0000,0x0000,0x0000,0x0000,0x0000,0x0000,0x0000,0x0000,0x0000,0x0000,0x0000,0x0000,0x0000,
    0x0000,0x0000,0x0000,0x0000,0x0000,0x0000,0x0000,0x0000,0x0000,0x0000,0x0000,0x0000,0x0000,0x0000,0x0000,0x0000,
    0x0000,0x0000,0x0000,0x0000,0x0000,0x0000,0x0000,0x0000,0x0000,0x0000,0x0000,0x0000,0x0000,0x0000,0x0000,0x0000,
    0x8E12,0x8E12,0x8E12,0x8E12,0x8E12,0x8E12,0x8E12,0x8E12,0x8E12,0x8E12,0x8E12,0x8E12,0x8E12,0x8E12,0x8E12,0x8E12,
    0x8E12,0x8E12,0x8E12,0x8E12,0x8E12,0x8E12,0x8E12,0x8E12,0x8E12,0x8E12,0x8E12,0x8E12,0x8E12,0x8E12,0x8E12,0x8E12,
    0x8E3C,0x8E3D,0x8E3E,0x8E14,0x8E14,0x8E25,0x8E14,0x8E14,0x8E14,0x8E25,0x8E3E,0x8E14,0x8E14,0x8E25,0x901A,0x903A,
    0x9019,0x9039,0x904C,0x9079,0x9056,0x907E,0x907E,0x9078,0x9084,0x9098,0x909E,0x90A3,0x9200,0x920E,0x921B,0x9221,
    0x921B,0x9221,0x921B,0x9221,0x9220,0x9242,0x9251,0x9263,0x921B,0x9221,0x921B,0x9221,0x921B,0x9221,0x921B,0x9221,
    0x9293,0x940A,0x941F,0x9420,0x9433,0x9442,0x9452,0x945A,0x945D,0x9463,0x946B,0x9478,0x9484,0x948C,0x9493,0x942B,
    0x940C,0x942B,0x94A1,0x94AE,0x94BD,0x94CB,0x94D9,0x94E5,0x94F3,0x9502,0x9512,0x9605,0x961B,0x962E,0x963B,0x9649,
    0x9653,0x965E,0x9668,0x9672,0x967E,0x968B,0x9697,0x96A2,0x96AB,0x96B3,0x96BB,0x96C2,0x96C9,0x9636,0x96D2,0x9636,
    0x96D6,0x96E6,0x96F3,0x9703,0x970D,0x9803,0x9813,0x9823,0x9823,0x983D,0x9847,0x9850,0x985A,0x9866,0x9874,0x987D,
    0x0000,0x0000,0x0000,0x0000,0x0000,0x0000,0x0000,0x0000,0x0000,0x0000,0x0000,0x0000,0x0000,0x0000,0x0000,0x0000,
    0x0000,0x0000,0x0000,0x0000,0x0000,0x0000,0x0000,0x0000,0x0000,0x0000,0x0000,0x0000,0x0000,0x0000,0x0000,0x0000,
    0x0000,0x0000,0x0000,0x0000,0x0000,0x0000,0x0000,0x0000,0x0000,0x0000,0x0000,0x0000,0x0000,0x0000,0x0000,0x0000,
    0x0000,0x0000,0x0000,0x0000,0x0000,0x0000,0x0000,0x0000,0x0000,0x0000,0x0000,0x0000,0x0000,0x0000,0x0000,0x0000,
    0x0000,0x0000,0x0000,0x0000,0x0000,0x0000,0x0000,0x0000,0x0000,0x0000,0x0000,0x0000,0x0000,0x0000,0x0000,0x0000,
    0x0000,0x0000,0x0000,0x0000,0x0000,0x0000,0x0000,0x0000,0x0000,0x0000,0x0000,0x0000,0x0000,0x0000,0x0000,0x0000,
    0x0000,0x0000,0x0000,0x0000,0x0000,0x0000,0x0000,0x0000,0x0000,0x0000,0x0000,0x0000,0x0000,0x0000,0x0000,0x0000,
    0x0000,0x0000,0x0000,0x0000,0x0000,0x0000,0x0000,0x0000,0x0000,0x0000,0x0000,0x0000,0x0000,0x0000,0x0000,0x0000,
    0x0000,0x0000,0x0000,0x0000,0x0000,0x0000,0x0000,0x0000,0x0000,0x0000,0x0000,0x0000,0x0000,0x0000,0x0000,0x0000,
    0x0000,0x0000,0x0000,0x0000,0x0000,0x0000,0x0000,0x0000,0x0000,0x0000,0x0000,0x0000,0x0000,0x0000,0x0000,0x0000,
    0x0000,0x0000,0x0000,0x0000,0x0000,0x0000,0x0000,0x0000,0x0000,0x0000,0x0000,0x0000,0x0000,0x0000,0x0000,0x0000,
    0x8E12,0x8E12,0x8E12,0x8E12,0x8E12,0x8E12,0x8E12,0x8E12,0x8E12,0x8E12,0x8E12,0x8E12,0x8E12,0x8E12,0x8E12,0x8E12,
    0x8E12,0x8E12,0x8E12,0x8E12,0x8E12,0x8E12,0x8E12,0x8E12,0x8E12,0x8E12,0x8E12,0x8E12,0x8E12,0x8E12,0x8E12,0x8E12,
    0x8E12,0x8E15,0x8E16,0x8E17,0x8E18,0x8E19,0x8E18,0x8E18,0x8E18,0x8E19,0x8E18,0x8E1A,0x8E18,0x901B,0x901B,0x904D,
    0x903A,0x9019,0x9039,0x9085,0x9056,0x907E,0x907E,0x907E,0x9078,0x9099,0x909F,0x90A4,0x9200,0x920D,0x921A,0x9220,
    0x921A,0x9220,0x921A,0x9220,0x9220,0x9220,0x9252,0x9264,0x9268,0x9264,0x9268,0x9264,0x9268,0x9264,0x9268,0x9264,
    0x9268,0x940B,0x940D,0x9420,0x9434,0x9443,0x9453,0x945B,0x945E,0x9464,0x946B,0x9479,0x9485,0x948D,0x9494,0x9420,
    0x940D,0x9420,0x94A2,0x94AF,0x94BE,0x94CC,0x94DA,0x94E6,0x94F4,0x9503,0x9513,0x9606,0x961C,0x962F,0x963C,0x964A,
    0x9654,0x965F,0x9669,0x9673,0x967F,0x968C,0x9698,0x96A3,0x96AC,0x96B4,0x96BC,0x96C3,0x96CA,0x96CF,0x96D3,0x96D4,
    0x96D7,0x96E7,0x96F4,0x96F4,0x970E,0x9803,0x9814,0x9823,0x9823,0x983D,0x9847,0x9850,0x985B,0x9867,0x9875,0x987E,
    0x0000,0x0000,0x0000,0x0000,0x0000,0x0000,0x0000,0x0000,0x0000,0x0000,0x0000,0x0000,0x0000,0x0000,0x0000,0x0000,
    0x0000,0x0000,0x0000,0x0000,0x0000,0x0000,0x0000,0x0000,0x0000,0x0000,0x0000,0x0000,0x0000,0x0000,0x0000,0x0000,
    0x0000,0x0000,0x0000,0x0000,0x0000,0x0000,0x0000,0x0000,0x0000,0x0000,0x0000,0x0000,0x0000,0x0000,0x0000,0x0000,
    0x0000,0x0000,0x0000,0x0000,0x0000,0x0000,0x0000,0x0000,0x0000,0x0000,0x0000,0x0000,0x0000,0x0000,0x0000,0x0000,
    0x0000,0x0000,0x0000,0x0000,0x0000,0x0000,0x0000,0x0000,0x0000,0x0000,0x0000,0x0000,0x0000,0x0000,0x0000,0x0000,
    0x0000,0x0000,0x0000,0x0000,0x0000,0x0000,0x0000,0x0000,0x0000,0x0000,0x0000,0x0000,0x0000,0x0000,0x0000,0x0000,
    0x0000,0x0000,0x0000,0x0000,0x0000,0x0000,0x0000,0x0000,0x0000,0x0000,0x0000,0x0000,0x0000,0x0000,0x0000,0x0000,
    0x0000,0x0000,0x0000,0x0000,0x0000,0x0000,0x0000,0x0000,0x0000,0x0000,0x0000,0x0000,0x0000,0x0000,0x0000,0x0000,
    0x0000,0x0000,0x0000,0x0000,0x0000,0x0000,0x0000,0x0000,0x0000,0x0000,0x0000,0x0000,0x0000,0x0000,0x0000,0x0000,
    0x0000,0x0000,0x0000,0x0000,0x0000,0x0000,0x0000,0x0000,0x0000,0x0000,0x0000,0x0000,0x0000,0x0000,0x0000,0x0000,
    0x0000,0x0000,0x0000,0x0000,0x0000,0x0000,0x0000,0x0000,0x0000,0x0000,0x0000,0x0000,0x0000,0x0000,0x0000,0x0000,
    0x8E12,0x8E12,0x8E12,0x8E12,0x8E12,0x8E12,0x8E12,0x8E12,0x8E12,0x8E12,0x8E12,0x8E12,0x8E12,0x8E12,0x8E12,0x8E12,
    0x8E12,0x8E12,0x8E12,0x8E12,0x8E12,0x8E12,0x8E12,0x8E12,0x8E12,0x8E12,0x8E12,0x8E12,0x8E12,0x8E12,0x8E12,0x8E12,
    0x8E12,0x8E12,0x8E26,0x8E27,0x8E28,0x8E14,0x8E14,0x8E14,0x8E25,0x8E14,0x8E14,0x8E14,0x901C,0x901D,0x901D,0x901D,
    0x9068,0x903A,0x9019,0x9019,0x9090,0x9038,0x907E,0x907E,0x907E,0x9078,0x90A0,0x90A5,0x9200,0x920E,0x921B,0x9221,
    0x921B,0x9221,0x921B,0x9221,0x921B,0x9221,0x921B,0x9221,0x921B,0x9221,0x921B,0x9221,0x921B,0x9221,0x921B,0x9221,
    0x921B,0x940C,0x9420,0x940C,0x9435,0x9444,0x940C,0x942B,0x945F,0x9465,0x946C,0x947A,0x9486,0x948E,0x9495,0x942B,
    0x949A,0x949F,0x94A3,0x94B0,0x94BF,0x94CD,0x94DB,0x94E7,0x94F5,0x9504,0x9514,0x9607,0x961D,0x9630,0x963D,0x964B,
    0x9655,0x9660,0x966A,0x9674,0x9680,0x968D,0x9699,0x96A4,0x96AD,0x96B5,0x96BD,0x96C4,0x96CB,0x96D0,0x96CB,0x96D0,
    0x96D8,0x96E8,0x96F5,0x96F5,0x970F,0x9803,0x9815,0x9824,0x9830,0x983E,0x9847,0x9850,0x985C,0x9868,0x9875,0x987E,
    0x0000,0x0000,0x0000,0x0000,0x0000,0x0000,0x0000,0x0000,0x0000,0x0000,0x0000,0x0000,0x0000,0x0000,0x0000,0x0000,
    0x0000,0x0000,0x0000,0x0000,0x0000,0x0000,0x0000,0x0000,0x0000,0x0000,0x0000,0x0000,0x0000,0x0000,0x0000,0x0000,
    0x0000,0x0000,0x0000,0x0000,0x0000,0x0000,0x0000,0x0000,0x0000,0x0000,0x0000,0x0000,0x0000,0x0000,0x0000,0x0000,
    0x0000,0x0000,0x0000,0x0000,0x0000,0x0000,0x0000,0x0000,0x0000,0x0000,0x0000,0x0000,0x0000,0x0000,0x0000,0x0000,
    0x0000,0x0000,0x0000,0x0000,0x0000,0x0000,0x0000,0x0000,0x0000,0x0000,0x0000,0x0000,0x0000,0x0000,0x0000,0x0000,
    0x0000,0x0000,0x0000,0x0000,0x0000,0x0000,0x0000,0x0000,0x0000,0x0000,0x0000,0x0000,0x0000,0x0000,0x0000,0x0000,
    0x0000,0x0000,0x0000,0x0000,0x0000,0x0000,0x0000,0x0000,0x0000,0x0000,0x0000,0x0000,0x0000,0x0000,0x0000,0x0000,
    0x0000,0x0000,0x0000,0x0000,0x0000,0x0000,0x0000,0x0000,0x0000,0x0000,0x0000,0x0000,0x0000,0x0000,0x0000,0x0000,
    0x0000,0x0000,0x0000,0x0000,0x0000,0x0000,0x0000,0x0000,0x0000,0x0000,0x0000,0x0000,0x0000,0x0000,0x0000,0x0000,
    0x0000,0x0000,0x0000,0x0000,0x0000,0x0000,0x0000,0x0000,0x0000,0x0000,0x0000,0x0000,0x0000,0x0000,0x0000,0x0000,
    0x0000,0x0000,0x0000,0x0000,0x0000,0x0000,0x0000,0x0000,0x0000,0x0000,0x0000,0x0000,0x0000,0x0000,0x0000,0x0000,
    0x8E12,0x8E12,0x8E12,0x8E12,0x8E12,0x8E12,0x8E12,0x8E12,0x8E12,0x8E12,0x8E12,0x8E12,0x8E12,0x8E12,0x8E12,0x8E12,
    0x8E12,0x8E12,0x8E12,0x8E12,0x8E12,0x8E12,0x8E12,0x8E12,0x8E12,0x8E12,0x8E12,0x8E12,0x8E12,0x8E12,0x8E12,0x8E12,
    0x8E12,0x8E12,0x8E12,0x8E38,0x8E39,0x8E28,0x8E25,0x8E14,0x8E14,0x8E25,0x8E25,0x901D,0x901D,0x901C,0x9058,0x901D,
    0x901D,0x9068,0x903A,0x9019,0x9039,0x904C,0x9038,0x907E,0x907E,0x907E,0x9078,0x90A6,0x9200,0x920D,0x921A,0x9220,
    0x921A,0x9220,0x921A,0x9220,0x921A,0x9220,0x921A,0x9220,0x921A,0x9220,0x921A,0x9220,0x921A,0x9220,0x921A,0x9220,
    0x921A,0x940D,0x9421,0x940D,0x9436,0x9445,0x940D,0x9420,0x9460,0x9466,0x946D,0x947B,0x9487,0x948F,0x9496,0x9498,
    0x949B,0x94A0,0x94A4,0x94B0,0x94C0,0x94CE,0x94DC,0x94E8,0x94F6,0x9505,0x9515,0x9608,0x961E,0x9631,0x963E,0x964C,
    0x9656,0x9661,0x966B,0x9675,0x9681,0x968E,0x969A,0x96A5,0x96AE,0x96B6,0x96BE,0x96C5,0x96CC,0x9610,0x9610,0x9610,
    0x96D9,0x96E9,0x96F6,0x9704,0x9710,0x9804,0x9816,0x9825,0x9831,0x983F,0x9847,0x9850,0x985D,0x9868,0x9875,0x987E,
    0x0000,0x0000,0x0000,0x0000,0x0000,0x0000,0x0000,0x0000,0x0000,0x0000,0x0000,0x0000,0x0000,0x0000,0x0000,0x0000,
    0x0000,0x0000,0x0000,0x0000,0x0000,0x0000,0x0000,0x0000,0x0000,0x0000,0x0000,0x0000,0x0000,0x0000,0x0000,0x0000,
    0x0000,0x0000,0x0000,0x0000,0x0000,0x0000,0x0000,0x0000,0x0000,0x0000,0x0000,0x0000,0x0000,0x0000,0x0000,0x0000,
    0x0000,0x0000,0x0000,0x0000,0x0000,0x0000,0x0000,0x0000,0x0000,0x0000,0x0000,0x0000,0x0000,0x0000,0x0000,0x0000,
    0x0000,0x0000,0x0000,0x0000,0x0000,0x0000,0x0000,0x0000,0x0000,0x0000,0x0000,0x0000,0x0000,0x0000,0x0000,0x0000,
    0x0000,0x0000,0x0000,0x0000,0x0000,0x0000,0x0000,0x0000,0x0000,0x0000,0x0000,0x0000,0x0000,0x0000,0x0000,0x0000,
    0x0000,0x0000,0x0000,0x0000,0x0000,0x0000,0x0000,0x0000,0x0000,0x0000,0x0000,0x0000,0x0000,0x0000,0x0000,0x0000,
    0x0000,0x0000,0x0000,0x0000,0x0000,0x0000,0x0000,0x0000,0x0000,0x0000,0x0000,0x0000,0x0000,0x0000,0x0000,0x0000,
    0x0000,0x0000,0x0000,0x0000,0x0000,0x0000,0x0000,0x0000,0x0000,0x0000,0x0000,0x0000,0x0000,0x0000,0x0000,0x0000,
    0x0000,0x0000,0x0000,0x0000,0x0000,0x0000,0x0000,0x0000,0x0000,0x0000,0x0000,0x0000,0x0000,0x0000,0x0000,0x0000,
    0x0000,0x0000,0x0000,0x0000,0x0000,0x0000,0x0000,0x0000,0x0000,0x0000,0x0000,0x0000,0x0000,0x0000,0x0000,0x0000,
    0x8E12,0x8E12,0x8E12,0x8E12,0x8E12,0x8E12,0x8E12,0x8E12,0x8E12,0x8E12,0x8E12,0x8E12,0x8E12,0x8E12,0x8E12,0x8E12,
    0x8E12,0x8E12,0x8E12,0x8E12,0x8E12,0x8E12,0x8E12,0x8E12,0x8E12,0x8E12,0x8E12,0x8E12,0x8E12,0x8E12,0x8E12,0x8E12,
    0x8E12,0x8E12,0x8E12,0x8E12,0x8E3C,0x8E3D,0x8E3E,0x8E14,0x8E14,0x8E25,0x901D,0x901D,0x901D,0x9058,0x9069,0x901D,
    0x901D,0x9058,0x901A,0x903A,0x9019,0x9019,0x9018,0x9038,0x907E,0x907E,0x907E,0x90A7,0x9200,0x920E,0x921B,0x9221,
    0x921B,0x9221,0x921B,0x9221,0x921B,0x9221,0x921B,0x9221,0x921B,0x9221,0x921B,0x9221,0x921B,0x9221,0x921B,0x9221,
    0x921B,0x940C,0x9420,0x940C,0x9437,0x9446,0x940C,0x942B,0x940C,0x9467,0x946E,0x947C,0x9488,0x9490,0x9497,0x942B,
    0x949C,0x942B,0x94A5,0x94B1,0x94C1,0x94CF,0x94DD,0x94E9,0x94F7,0x9506,0x9516,0x9609,0x961F,0x9632,0x963F,0x964D,
    0x9657,0x9662,0x966C,0x9676,0x9682,0x968F,0x969B,0x9690,0x9684,0x9610,0x9610,0x9610,0x9610,0x9610,0x9610,0x9610,
    0x9610,0x9610,0x9610,0x9610,0x9610,0x9805,0x9817,0x9826,0x9825,0x9825,0x9847,0x9850,0x985E,0x9869,0x9875,0x987E,
    0x0000,0x0000,0x0000,0x0000,0x0000,0x0000,0x0000,0x0000,0x0000,0x0000,0x0000,0x0000,0x0000,0x0000,0x0000,0x0000,
    0x0000,0x0000,0x0000,0x0000,0x0000,0x0000,0x0000,0x0000,0x0000,0x0000,0x0000,0x0000,0x0000,0x0000,0x0000,0x0000,
    0x0000,0x0000,0x0000,0x0000,0x0000,0x0000,0x0000,0x0000,0x0000,0x0000,0x0000,0x0000,0x0000,0x0000,0x0000,0x0000,
    0x0000,0x0000,0x0000,0x0000,0x0000,0x0000,0x0000,0x0000,0x0000,0x0000,0x0000,0x0000,0x0000,0x0000,0x0000,0x0000,
    0x0000,0x0000,0x0000,0x0000,0x0000,0x0000,0x0000,0x0000,0x0000,0x0000,0x0000,0x0000,0x0000,0x0000,0x0000,0x0000,
    0x0000,0x0000,0x0000,0x0000,0x0000,0x0000,0x0000,0x0000,0x0000,0x0000,0x0000,0x0000,0x0000,0x0000,0x0000,0x0000,
    0x0000,0x0000,0x0000,0x0000,0x0000,0x0000,0x0000,0x0000,0x0000,0x0000,0x0000,0x0000,0x0000,0x0000,0x0000,0x0000,
    0x0000,0x0000,0x0000,0x0000,0x0000,0x0000,0x0000,0x0000,0x0000,0x0000,0x0000,0x0000,0x0000,0x0000,0x0000,0x0000,
    0x0000,0x0000,0x0000,0x0000,0x0000,0x0000,0x0000,0x0000,0x0000,0x0000,0x0000,0x0000,0x0000,0x0000,0x0000,0x0000,
    0x0000,0x0000,0x0000,0x0000,0x0000,0x0000,0x0000,0x0000,0x0000,0x0000,0x0000,0x0000,0x0000,0x0000,0x0000,0x0000,
    0x0000,0x0000,0x0000,0x0000,0x0000,0x0000,0x0000,0x0000,0x0000,0x0000,0x0000,0x0000,0x0000,0x0000,0x0000,0x0000,
    0x8E12,0x8E12,0x8E12,0x8E12,0x8E12,0x8E12,0x8E12,0x8E12,0x8E12,0x8E12,0x8E12,0x8E12,0x8E12,0x8E12,0x8E12,0x8E12,
    0x8E12,0x8E12,0x8E12,0x8E12,0x8E12,0x8E12,0x8E12,0x8E12,0x8E12,0x8E12,0x8E12,0x8E12,0x8E12,0x8E12,0x8E12,0x8E12,
    0x8E12,0x8E12,0x8E12,0x8E12,0x8E12,0x8E15,0x8E16,0x8E17,0x8E18,0x901E,0x901B,0x901B,0x901B,0x901E,0x901B,0x9086,
    0x901B,0x901B,0x901B,0x904D,0x903A,0x9019,0x9039,0x904C,0x9038,0x907E,0x907E,0x907E,0x9200,0x920D,0x921A,0x9220,
    0x921A,0x9220,0x921A,0x9220,0x921A,0x9220,0x921A,0x9220,0x921A,0x9220,0x921A,0x9220,0x921A,0x9220,0x921A,0x9220,
    0x921A,0x940D,0x9421,0x940D,0x9438,0x9447,0x940D,0x9420,0x940D,0x9420,0x940D,0x9420,0x940D,0x9420,0x940D,0x9420,
    0x949D,0x9420,0x94A6,0x94B2,0x94C2,0x94D0,0x94DE,0x94EA,0x94F8,0x9507,0x9517,0x960A,0x9620,0x9633,0x9640,0x964E,
    0x9658,0x9663,0x966D,0x9677,0x9683,0x9690,0x9684,0x9610,0x9610,0x9610,0x9610,0x9610,0x9610,0x9610,0x9610,0x9610,
    0x9610,0x9610,0x9610,0x9610,0x9610,0x9806,0x9805,0x9827,0x9826,0x9825,0x9847,0x9850,0x985C,0x986A,0x9876,0x987E,
    0x0000,0x0000,0x0000,0x0000,0x0000,0x0000,0x0000,0x0000,0x0000,0x0000,0x0000,0x0000,0x0000,0x0000,0x0000,0x0000,
    0x0000,0x0000,0x0000,0x0000,0x0000,0x0000,0x0000,0x0000,0x0000,0x0000,0x0000,0x0000,0x0000,0x0000,0x0000,0x0000,
    0x0000,0x0000,0x0000,0x0000,0x0000,0x0000,0x0000,0x0000,0x0000,0x0000,0x0000,0x0000,0x0000,0x0000,0x0000,0x0000,
    0x0000,0x0000,0x0000,0x0000,0x0000,0x0000,0x0000,0x0000,0x0000,0x0000,0x0000,0x0000,0x0000,0x0000,0x0000,0x0000,
    0x0000,0x0000,0x0000,0x0000,0x0000,0x0000,0x0000,0x0000,0x0000,0x0000,0x0000,0x0000,0x0000,0x0000,0x0000,0x0000,
    0x0000,0x0000,0x0000,0x0000,0x0000,0x0000,0x0000,0x0000,0x0000,0x0000,0x0000,0x0000,0x0000,0x0000,0x0000,0x0000,
    0x0000,0x0000,0x0000,0x0000,0x0000,0x0000,0x0000,0x0000,0x0000,0x0000,0x0000,0x0000,0x0000,0x0000,0x0000,0x0000,
    0x0000,0x0000,0x0000,0x0000,0x0000,0x0000,0x0000,0x0000,0x0000,0x0000,0x0000,0x0000,0x0000,0x0000,0x0000,0x0000,
    0x0000,0x0000,0x0000,0x0000,0x0000,0x0000,0x0000,0x0000,0x0000,0x0000,0x0000,0x0000,0x0000,0x0000,0x0000,0x0000,
    0x0000,0x0000,0x0000,0x0000,0x0000,0x0000,0x0000,0x0000,0x0000,0x0000,0x0000,0x0000,0x0000,0x0000,0x0000,0x0000,
    0x0000,0x0000,0x0000,0x0000,0x0000,0x0000,0x0000,0x0000,0x0000,0x0000,0x0000,0x0000,0x0000,0x0000,0x0000,0x0000,
    0x9019,0x9019,0x9019,0x9019,0x9019,0x9019,0x9019,0x9019,0x9019,0x9019,0x9019,0x9019,0x9019,0x9019,0x9019,0x9019,
    0x9019,0x9019,0x9019,0x9019,0x9019,0x9019,0x9019,0x9019,0x9019,0x9019,0x9019,0x9019,0x9019,0x9019,0x9019,0x9019,
    0x9019,0x9019,0x9019,0x9019,0x9019,0x9019,0x901F,0x9020,0x9021,0x901D,0x901D,0x901D,0x9058,0x901D,0x901D,0x901D,
    0x901C,0x901D,0x901D,0x901D,0x9068,0x903A,0x9019,0x9019,0x9018,0x9038,0x907E,0x907E,0x9200,0x920E,0x921B,0x9221,
    0x921B,0x9221,0x921B,0x9221,0x921B,0x9221,0x921B,0x9221,0x921B,0x9221,0x921B,0x9221,0x921B,0x9221,0x921B,0x9221,
    0x921B,0x940C,0x9420,0x940C,0x9439,0x9448,0x940C,0x942B,0x940C,0x942B,0x940C,0x942B,0x9420,0x940C,0x9420,0x940C,
    0x940C,0x942B,0x94A1,0x94B3,0x94C3,0x94D1,0x94DF,0x94EB,0x94F9,0x9508,0x9518,0x960B,0x9621,0x9634,0x9641,0x964F,
    0x9659,0x9664,0x966E,0x9665,0x9684,0x9610,0x9610,0x9610,0x9610,0x9610,0x9610,0x9610,0x9610,0x9610,0x9610,0x9610,
    0x9610,0x9610,0x9610,0x9610,0x9610,0x9806,0x9806,0x9805,0x9827,0x9826,0x9847,0x9850,0x985A,0x986B,0x9875,0x987E,
    0x0000,0x0000,0x0000,0x0000,0x0000,0x0000,0x0000,0x0000,0x0000,0x0000,0x0000,0x0000,0x0000,0x0000,0x0000,0x0000,
    0x0000,0x0000,0x0000,0x0000,0x0000,0x0000,0x0000,0x0000,0x0000,0x0000,0x0000,0x0000,0x0000,0x0000,0x0000,0x0000,
    0x0000,0x0000,0x0000,0x0000,0x0000,0x0000,0x0000,0x0000,0x0000,0x0000,0x0000,0x0000,0x0000,0x0000,0x0000,0x0000,
    0x0000,0x0000,0x0000,0x0000,0x0000,0x0000,0x0000,0x0000,0x0000,0x0000,0x0000,0x0000,0x0000,0x0000,0x0000,0x0000,
    0x0000,0x0000,0x0000,0x0000,0x0000,0x0000,0x0000,0x0000,0x0000,0x0000,0x0000,0x0000,0x0000,0x0000,0x0000,0x0000,
    0x0000,0x0000,0x0000,0x0000,0x0000,0x0000,0x0000,0x0000,0x0000,0x0000,0x0000,0x0000,0x0000,0x0000,0x0000,0x0000,
    0x0000,0x0000,0x0000,0x0000,0x0000,0x0000,0x0000,0x0000,0x0000,0x0000,0x0000,0x0000,0x0000,0x0000,0x0000,0x0000,
    0x0000,0x0000,0x0000,0x0000,0x0000,0x0000,0x0000,0x0000,0x0000,0x0000,0x0000,0x0000,0x0000,0x0000,0x0000,0x0000,
    0x0000,0x0000,0x0000,0x0000,0x0000,0x0000,0x0000,0x0000,0x0000,0x0000,0x0000,0x0000,0x0000,0x0000,0x0000,0x0000,
    0x0000,0x0000,0x0000,0x0000,0x0000,0x0000,0x0000,0x0000,0x0000,0x0000,0x0000,0x0000,0x0000,0x0000,0x0000,0x0000,
    0x0000,0x0000,0x0000,0x0000,0x0000,0x0000,0x0000,0x0000,0x0000,0x0000,0x0000,0x0000,0x0000,0x0000,0x0000,0x0000,
    0x9019,0x9019,0x9019,0x9019,0x9019,0x9019,0x9019,0x9019,0x9019,0x9019,0x9019,0x9019,0x9019,0x9019,0x9019,0x9019,
    0x9019,0x9019,0x9019,0x9019,0x9019,0x9019,0x9019,0x9019,0x9019,0x9019,0x9019,0x9019,0x9019,0x9019,0x9019,0x9019,
    0x9019,0x9019,0x9019,0x9019,0x9019,0x9019,0x9019,0x903B,0x903C,0x9021,0x9058,0x901D,0x901D,0x9058,0x9058,0x901D,
    0x901D,0x901C,0x9058,0x901D,0x901D,0x9068,0x903A,0x9019,0x9039,0x904C,0x9038,0x907E,0x9200,0x920E,0x921A,0x9220,
    0x921A,0x9220,0x921A,0x9220,0x921A,0x9220,0x921A,0x9220,0x921A,0x9220,0x921A,0x9220,0x921A,0x9220,0x921A,0x9220,
    0x921A,0x940D,0x9421,0x940D,0x943A,0x9449,0x940D,0x9420,0x940D,0x9420,0x940D,0x9420,0x9421,0x940D,0x9421,0x940D,
    0x940D,0x9420,0x94A2,0x94B4,0x94C4,0x94D2,0x94E0,0x94EC,0x94FA,0x9509,0x9519,0x960C,0x9622,0x9635,0x9642,0x9650,
    0x965A,0x9665,0x9644,0x9610,0x9610,0x9610,0x9610,0x9610,0x9610,0x9610,0x9610,0x9610,0x9610,0x9610,0x9610,0x9610,
    0x9610,0x9610,0x9610,0x9610,0x9610,0x9806,0x9806,0x9806,0x9805,0x9827,0x9847,0x9850,0x985A,0x9868,0x9875,0x987E,
    0x0000,0x0000,0x0000,0x0000,0x0000,0x0000,0x0000,0x0000,0x0000,0x0000,0x0000,0x0000,0x0000,0x0000,0x0000,0x0000,
    0x0000,0x0000,0x0000,0x0000,0x0000,0x0000,0x0000,0x0000,0x0000,0x0000,0x0000,0x0000,0x0000,0x0000,0x0000,0x0000,
    0x0000,0x0000,0x0000,0x0000,0x0000,0x0000,0x0000,0x0000,0x0000,0x0000,0x0000,0x0000,0x0000,0x0000,0x0000,0x0000,
    0x0000,0x0000,0x0000,0x0000,0x0000,0x0000,0x0000,0x0000,0x0000,0x0000,0x0000,0x0000,0x0000,0x0000,0x0000,0x0000,
    0x0000,0x0000,0x0000,0x0000,0x0000,0x0000,0x0000,0x0000,0x0000,0x0000,0x0000,0x0000,0x0000,0x0000,0x0000,0x0000,
    0x0000,0x0000,0x0000,0x0000,0x0000,0x0000,0x0000,0x0000,0x0000,0x0000,0x0000,0x0000,0x0000,0x0000,0x0000,0x0000,
    0x0000,0x0000,0x0000,0x0000,0x0000,0x0000,0x0000,0x0000,0x0000,0x0000,0x0000,0x0000,0x0000,0x0000,0x0000,0x0000,
    0x0000,0x0000,0x0000,0x0000,0x0000,0x0000,0x0000,0x0000,0x0000,0x0000,0x0000,0x0000,0x0000,0x0000,0x0000,0x0000,
    0x0000,0x0000,0x0000,0x0000,0x0000,0x0000,0x0000,0x0000,0x0000,0x0000,0x0000,0x0000,0x0000,0x0000,0x0000,0x0000,
    0x0000,0x0000,0x0000,0x0000,0x0000,0x0000,0x0000,0x0000,0x0000,0x0000,0x0000,0x0000,0x0000,0x0000,0x0000,0x0000,
    0x0000,0x0000,0x0000,0x0000,0x0000,0x0000,0x0000,0x0000,0x0000,0x0000,0x0000,0x0000,0x0000,0x0000,0x0000,0x0000,
    0x9019,0x9019,0x9019,0x9019,0x9019,0x9019,0x9019,0x9019,0x9019,0x9019,0x9019,0x9019,0x9019,0x9019,0x9019,0x9019,
    0x9019,0x9019,0x9019,0x9019,0x9019,0x9019,0x9019,0x9019,0x9019,0x9019,0x9019,0x9019,0x9019,0x9019,0x9019,0x9019,
    0x9019,0x9019,0x9019,0x9019,0x9019,0x9019,0x9019,0x9019,0x904E,0x9059,0x9069,0x901D,0x901D,0x9058,0x901D,0x901D,
    0x901D,0x9058,0x9069,0x901D,0x901D,0x9058,0x901A,0x903A,0x9019,0x9019,0x9018,0x9038,0x9200,0x920E,0x921B,0x9221,
    0x9225,0x922B,0x921B,0x9220,0x921B,0x9221,0x921B,0x9221,0x9225,0x922B,0x921B,0x9220,0x921B,0x9221,0x921B,0x9221,
    0x921B,0x940C,0x9420,0x940C,0x9439,0x9448,0x940C,0x942B,0x9461,0x9468,0x940C,0x942B,0x9420,0x940C,0x9420,0x940C,
    0x9461,0x9468,0x94A1,0x94B5,0x94C5,0x94D3,0x94E1,0x94ED,0x94FB,0x950A,0x951A,0x960D,0x9623,0x9636,0x9643,0x960F,
    0x9644,0x9610,0x9610,0x9610,0x9610,0x9610,0x9610,0x9610,0x9610,0x9610,0x9610,0x9610,0x9610,0x9610,0x9610,0x9610,
    0x9610,0x9610,0x9610,0x9610,0x9610,0x9806,0x9806,0x9806,0x9806,0x9805,0x9848,0x9851,0x985F,0x986C,0x9875,0x987E,
    0x0000,0x0000,0x0000,0x0000,0x0000,0x0000,0x0000,0x0000,0x0000,0x0000,0x0000,0x0000,0x0000,0x0000,0x0000,0x0000,
    0x0000,0x0000,0x0000,0x0000,0x0000,0x0000,0x0000,0x0000,0x0000,0x0000,0x0000,0x0000,0x0000,0x0000,0x0000,0x0000,
    0x0000,0x0000,0x0000,0x0000,0x0000,0x0000,0x0000,0x0000,0x0000,0x0000,0x0000,0x0000,0x0000,0x0000,0x0000,0x0000,
    0x0000,0x0000,0x0000,0x0000,0x0000,0x0000,0x0000,0x0000,0x0000,0x0000,0x0000,0x0000,0x0000,0x0000,0x0000,0x0000,
    0x0000,0x0000,0x0000,0x0000,0x0000,0x0000,0x0000,0x0000,0x0000,0x0000,0x0000,0x0000,0x0000,0x0000,0x0000,0x0000,
    0x0000,0x0000,0x0000,0x0000,0x0000,0x0000,0x0000,0x0000,0x0000,0x0000,0x0000,0x0000,0x0000,0x0000,0x0000,0x0000,
    0x0000,0x0000,0x0000,0x0000,0x0000,0x0000,0x0000,0x0000,0x0000,0x0000,0x0000,0x0000,0x0000,0x0000,0x0000,0x0000,
    0x0000,0x0000,0x0000,0x0000,0x0000,0x0000,0x0000,0x0000,0x0000,0x0000,0x0000,0x0000,0x0000,0x0000,0x0000,0x0000,
    0x0000,0x0000,0x0000,0x0000,0x0000,0x0000,0x0000,0x0000,0x0000,0x0000,0x0000,0x0000,0x0000,0x0000,0x0000,0x0000,
    0x0000,0x0000,0x0000,0x0000,0x0000,0x0000,0x0000,0x0000,0x0000,0x0000,0x0000,0x0000,0x0000,0x0000,0x0000,0x0000,
    0x0000,0x0000,0x0000,0x0000,0x0000,0x0000,0x0000,0x0000,0x0000,0x0000,0x0000,0x0000,0x0000,0x0000,0x0000,0x0000,
    0x9019,0x9019,0x9019,0x9019,0x9019,0x9019,0x9019,0x9019,0x9019,0x9019,0x9019,0x9019,0x9019,0x9019,0x9019,0x9019,
    0x9019,0x9019,0x9019,0x9019,0x9019,0x9019,0x9019,0x9019,0x9019,0x9019,0x9019,0x9019,0x9019,0x9019,0x9019,0x9019,
    0x9019,0x9019,0x9019,0x9019,0x9019,0x9019,0x9019,0x9019,0x9019,0x906A,0x907A,0x9087,0x901B,0x901E,0x901B,0x901B,
    0x901B,0x901E,0x901B,0x9086,0x901B,0x901B,0x901B,0x904D,0x903A,0x9019,0x9039,0x904C,0x9202,0x9211,0x9211,0x9211,
    0x9211,0x9211,0x9211,0x9211,0x9211,0x9211,0x9211,0x9211,0x9211,0x9211,0x9211,0x9211,0x9211,0x9211,0x9211,0x9211,
    0x9211,0x940E,0x940E,0x940E,0x943B,0x944A,0x9454,0x940E,0x9462,0x9469,0x940E,0x940E,0x940E,0x940E,0x940E,0x940E,
    0x940E,0x940E,0x940E,0x94B6,0x94C6,0x94D4,0x94E2,0x94EE,0x94FC,0x950B,0x951B,0x960E,0x9624,0x960F,0x9644,0x9610,
    0x9610,0x9610,0x9610,0x9610,0x9610,0x9610,0x9610,0x9610,0x9610,0x9610,0x9610,0x9610,0x9610,0x9610,0x9610,0x9610,
    0x9610,0x9610,0x9610,0x9610,0x9610,0x9806,0x9806,0x9806,0x9806,0x9806,0x9805,0x9852,0x9860,0x986D,0x9875,0x987E,
    0x0000,0x0000,0x0000,0x0000,0x0000,0x0000,0x0000,0x0000,0x0000,0x0000,0x0000,0x0000,0x0000,0x0000,0x0000,0x0000,
    0x0000,0x0000,0x0000,0x0000,0x0000,0x0000,0x0000,0x0000,0x0000,0x0000,0x0000,0x0000,0x0000,0x0000,0x0000,0x0000,
    0x0000,0x0000,0x0000,0x0000,0x0000,0x0000,0x0000,0x0000,0x0000,0x0000,0x0000,0x0000,0x0000,0x0000,0x0000,0x0000,
    0x0000,0x0000,0x0000,0x0000,0x0000,0x0000,0x0000,0x0000,0x0000,0x0000,0x0000,0x0000,0x0000,0x0000,0x0000,0x0000,
    0x0000,0x0000,0x0000,0x0000,0x0000,0x0000,0x0000,0x0000,0x0000,0x0000,0x0000,0x0000,0x0000,0x0000,0x0000,0x0000,
    0x0000,0x0000,0x0000,0x0000,0x0000,0x0000,0x0000,0x0000,0x0000,0x0000,0x0000,0x0000,0x0000,0x0000,0x0000,0x0000,
    0x0000,0x0000,0x0000,0x0000,0x0000,0x0000,0x0000,0x0000,0x0000,0x0000,0x0000,0x0000,0x0000,0x0000,0x0000,0x0000,
    0x0000,0x0000,0x0000,0x0000,0x0000,0x0000,0x0000,0x0000,0x0000,0x0000,0x0000,0x0000,0x0000,0x0000,0x0000,0x0000,
    0x0000,0x0000,0x0000,0x0000,0x0000,0x0000,0x0000,0x0000,0x0000,0x0000,0x0000,0x0000,0x0000,0x0000,0x0000,0x0000,
    0x0000,0x0000,0x0000,0x0000,0x0000,0x0000,0x0000,0x0000,0x0000,0x0000,0x0000,0x0000,0x0000,0x0000,0x0000,0x0000,
    0x0000,0x0000,0x0000,0x0000,0x0000,0x0000,0x0000,0x0000,0x0000,0x0000,0x0000,0x0000,0x0000,0x0000,0x0000,0x0000,
    0x9019,0x9019,0x9019,0x9019,0x9019,0x9019,0x9019,0x9019,0x9019,0x9019,0x9019,0x9019,0x9019,0x9019,0x9019,0x9019,
    0x9019,0x9019,0x9019,0x9019,0x9019,0x9019,0x9019,0x9019,0x9019,0x9019,0x9019,0x9019,0x9019,0x9019,0x9019,0x9019,
    0x9019,0x9019,0x9019,0x9019,0x9019,0x9019,0x9019,0x9019,0x9019,0x9019,0x901F,0x9020,0x9021,0x901D,0x901D,0x901D,
    0x9058,0x901D,0x901D,0x901D,0x901C,0x901D,0x901D,0x901D,0x9068,0x903A,0x9019,0x9019,0x9203,0x9203,0x9203,0x9203,
    0x9203,0x9203,0x9203,0x9203,0x9203,0x9203,0x9203,0x9203,0x9203,0x9203,0x9273,0x9276,0x9276,0x9276,0x9276,0x9276,
    0x9276,0x940F,0x9422,0x9419,0x943C,0x944B,0x9455,0x9419,0x9419,0x9419,0x946F,0x947D,0x947D,0x947D,0x947D,0x947D,
    0x947D,0x940F,0x9422,0x9419,0x9419,0x9419,0x9419,0x9419,0x94FD,0x950C,0x951C,0x960F,0x9610,0x9610,0x9610,0x9610,
    0x9610,0x9610,0x9610,0x9610,0x9610,0x9610,0x9610,0x9610,0x9610,0x9610,0x9610,0x9610,0x9610,0x9610,0x9610,0x9610,
    0x9610,0x9610,0x9610,0x9610,0x9610,0x9806,0x9806,0x9806,0x9806,0x9806,0x9806,0x9805,0x9861,0x986E,0x9875,0x987E,
    0x0000,0x0000,0x0000,0x0000,0x0000,0x0000,0x0000,0x0000,0x0000,0x0000,0x0000,0x0000,0x0000,0x0000,0x0000,0x0000,
    0x0000,0x0000,0x0000,0x0000,0x0000,0x0000,0x0000,0x0000,0x0000,0x0000,0x0000,0x0000,0x0000,0x0000,0x0000,0x0000,
    0x0000,0x0000,0x0000,0x0000,0x0000,0x0000,0x0000,0x0000,0x0000,0x0000,0x0000,0x0000,0x0000,0x0000,0x0000,0x0000,
    0x0000,0x0000,0x0000,0x0000,0x0000,0x0000,0x0000,0x0000,0x0000,0x0000,0x0000,0x0000,0x0000,0x0000,0x0000,0x0000,
    0x0000,0x0000,0x0000,0x0000,0x0000,0x0000,0x0000,0x0000,0x0000,0x0000,0x0000,0x0000,0x0000,0x0000,0x0000,0x0000,
    0x0000,0x0000,0x0000,0x0000,0x0000,0x0000,0x0000,0x0000,0x0000,0x0000,0x0000,0x0000,0x0000,0x0000,0x0000,0x0000,
    0x0000,0x0000,0x0000,0x0000,0x0000,0x0000,0x0000,0x0000,0x0000,0x0000,0x0000,0x0000,0x0000,0x0000,0x0000,0x0000,
    0x0000,0x0000,0x0000,0x0000,0x0000,0x0000,0x0000,0x0000,0x0000,0x0000,0x0000,0x0000,0x0000,0x0000,0x0000,0x0000,
    0x0000,0x0000,0x0000,0x0000,0x0000,0x0000,0x0000,0x0000,0x0000,0x0000,0x0000,0x0000,0x0000,0x0000,0x0000,0x0000,
    0x0000,0x0000,0x0000,0x0000,0x0000,0x0000,0x0000,0x0000,0x0000,0x0000,0x0000,0x0000,0x0000,0x0000,0x0000,0x0000,
    0x0000,0x0000,0x0000,0x0000,0x0000,0x0000,0x0000,0x0000,0x0000,0x0000,0x0000,0x0000,0x0000,0x0000,0x0000,0x0000,
    0x9019,0x9019,0x9019,0x9019,0x9019,0x9019,0x9019,0x9019,0x9019,0x9019,0x9019,0x9019,0x9019,0x9019,0x9019,0x9019,
    0x9019,0x9019,0x9019,0x9019,0x9019,0x9019,0x9019,0x9019,0x9019,0x9019,0x9019,0x9019,0x9019,0x9019,0x9019,0x9019,
    0x9019,0x9019,0x9019,0x9019,0x9019,0x9019,0x9019,0x9019,0x9019,0x9019,0x9019,0x903B,0x903C,0x9021,0x9058,0x901D,
    0x901D,0x9058,0x9058,0x901D,0x901D,0x901C,0x9058,0x901D,0x901D,0x9068,0x903A,0x9019,0x9203,0x9203,0x9203,0x9203,
    0x9203,0x9203,0x9203,0x9203,0x9203,0x9203,0x9203,0x9203,0x9203,0x9203,0x9253,0x9277,0x927C,0x927C,0x927C,0x927C,
    0x927C,0x9410,0x9423,0x9422,0x9419,0x944C,0x9456,0x9419,0x9419,0x9419,0x9470,0x947E,0x9410,0x9410,0x9410,0x9410,
    0x9410,0x9410,0x9423,0x9422,0x9419,0x9419,0x9419,0x9419,0x9419,0x9419,0x9419,0x9610,0x9610,0x9610,0x9610,0x9610,
    0x9610,0x9610,0x9610,0x9610,0x9610,0x9610,0x9610,0x9610,0x9610,0x9610,0x9610,0x9610,0x9610,0x9610,0x9610,0x9610,
    0x9610,0x9610,0x9610,0x9610,0x9610,0x9806,0x9806,0x9806,0x9806,0x9806,0x9806,0x9806,0x9862,0x986F,0x9877,0x987E,
    0x0000,0x0000,0x0000,0x0000,0x0000,0x0000,0x0000,0x0000,0x0000,0x0000,0x0000,0x0000,0x0000,0x0000,0x0000,0x0000,
    0x0000,0x0000,0x0000,0x0000,0x0000,0x0000,0x0000,0x0000,0x0000,0x0000,0x0000,0x0000,0x0000,0x0000,0x0000,0x0000,
    0x0000,0x0000,0x0000,0x0000,0x0000,0x0000,0x0000,0x0000,0x0000,0x0000,0x0000,0x0000,0x0000,0x0000,0x0000,0x0000,
    0x0000,0x0000,0x0000,0x0000,0x0000,0x0000,0x0000,0x0000,0x0000,0x0000,0x0000,0x0000,0x0000,0x0000,0x0000,0x0000,
    0x0000,0x0000,0x0000,0x0000,0x0000,0x0000,0x0000,0x0000,0x0000,0x0000,0x0000,0x0000,0x0000,0x0000,0x0000,0x0000,
    0x0000,0x0000,0x0000,0x0000,0x0000,0x0000,0x0000,0x0000,0x0000,0x0000,0x0000,0x0000,0x0000,0x0000,0x0000,0x0000,
    0x0000,0x0000,0x0000,0x0000,0x0000,0x0000,0x0000,0x0000,0x0000,0x0000,0x0000,0x0000,0x0000,0x0000,0x0000,0x0000,
    0x0000,0x0000,0x0000,0x0000,0x0000,0x0000,0x0000,0x0000,0x0000,0x0000,0x0000,0x0000,0x0000,0x0000,0x0000,0x0000,
    0x0000,0x0000,0x0000,0x0000,0x0000,0x0000,0x0000,0x0000,0x0000,0x0000,0x0000,0x0000,0x0000,0x0000,0x0000,0x0000,
    0x0000,0x0000,0x0000,0x0000,0x0000,0x0000,0x0000,0x0000,0x0000,0x0000,0x0000,0x0000,0x0000,0x0000,0x0000,0x0000,
    0x0000,0x0000,0x0000,0x0000,0x0000,0x0000,0x0000,0x0000,0x0000,0x0000,0x0000,0x0000,0x0000,0x0000,0x0000,0x0000,
    0x9019,0x9019,0x9019,0x9019,0x9019,0x9019,0x9019,0x9019,0x9019,0x9019,0x9019,0x9019,0x9019,0x9019,0x9019,0x9019,
    0x9019,0x9019,0x9019,0x9019,0x9019,0x9019,0x9019,0x9019,0x9019,0x9019,0x9019,0x9019,0x9019,0x9019,0x9019,0x9019,
    0x9019,0x9019,0x9019,0x9019,0x9019,0x9019,0x9019,0x9019,0x9019,0x9019,0x9019,0x9019,0x904E,0x9059,0x9069,0x901D,
    0x901D,0x9058,0x901D,0x901D,0x901D,0x9058,0x9069,0x901D,0x901D,0x9058,0x901A,0x903A,0x9203,0x9203,0x9203,0x9203,
    0x9203,0x9203,0x9203,0x9203,0x9203,0x9203,0x9203,0x9203,0x9203,0x9203,0x9203,0x9253,0x927D,0x9283,0x9283,0x928E,
    0x9294,0x9411,0x9411,0x942C,0x9419,0x944D,0x9457,0x9419,0x9419,0x9419,0x9419,0x9470,0x9489,0x9411,0x9411,0x9499,
    0x949E,0x9411,0x9411,0x942C,0x9419,0x9419,0x9419,0x9419,0x9419,0x9419,0x9419,0x9610,0x9610,0x9610,0x9610,0x9610,
    0x9610,0x9610,0x9610,0x9610,0x9610,0x9610,0x9610,0x9610,0x9610,0x9610,0x9610,0x9610,0x9610,0x9610,0x9610,0x9610,
    0x9610,0x9610,0x9610,0x9610,0x9610,0x9806,0x9806,0x9806,0x9806,0x9806,0x9806,0x9806,0x9806,0x9870,0x9878,0x987E,
    0x0000,0x0000,0x0000,0x0000,0x0000,0x0000,0x0000,0x0000,0x0000,0x0000,0x0000,0x0000,0x0000,0x0000,0x0000,0x0000,
    0x0000,0x0000,0x0000,0x0000,0x0000,0x0000,0x0000,0x0000,0x0000,0x0000,0x0000,0x0000,0x0000,0x0000,0x0000,0x0000,
    0x0000,0x0000,0x0000,0x0000,0x0000,0x0000,0x0000,0x0000,0x0000,0x0000,0x0000,0x0000,0x0000,0x0000,0x0000,0x0000,
    0x0000,0x0000,0x0000,0x0000,0x0000,0x0000,0x0000,0x0000,0x0000,0x0000,0x0000,0x0000,0x0000,0x0000,0x0000,0x0000,
    0x0000,0x0000,0x0000,0x0000,0x0000,0x0000,0x0000,0x0000,0x0000,0x0000,0x0000,0x0000,0x0000,0x0000,0x0000,0x0000,
    0x0000,0x0000,0x0000,0x0000,0x0000,0x0000,0x0000,0x0000,0x0000,0x0000,0x0000,0x0000,0x0000,0x0000,0x0000,0x0000,
    0x0000,0x0000,0x0000,0x0000,0x0000,0x0000,0x0000,0x0000,0x0000,0x0000,0x0000,0x0000,0x0000,0x0000,0x0000,0x0000,
    0x0000,0x0000,0x0000,0x0000,0x0000,0x0000,0x0000,0x0000,0x0000,0x0000,0x0000,0x0000,0x0000,0x0000,0x0000,0x0000,
    0x0000,0x0000,0x0000,0x0000,0x0000,0x0000,0x0000,0x0000,0x0000,0x0000,0x0000,0x0000,0x0000,0x0000,0x0000,0x0000,
    0x0000,0x0000,0x0000,0x0000,0x0000,0x0000,0x0000,0x0000,0x0000,0x0000,0x0000,0x0000,0x0000,0x0000,0x0000,0x0000,
    0x0000,0x0000,0x0000,0x0000,0x0000,0x0000,0x0000,0x0000,0x0000,0x0000,0x0000,0x0000,0x0000,0x0000,0x0000,0x0000,
    0x0000,0x0000,0x0000,0x0000,0x0000,0x0000,0x0000,0x0000,0x0000,0x0000,0x0000,0x0000,0x0000,0x0000,0x0000,0x0000,
    0x9019,0x9019,0x9019,0x9019,0x9019,0x9019,0x9019,0x9019,0x9019,0x9019,0x9019,0x9019,0x9019,0x9019,0x9019,0x9019,
    0x9019,0x9019,0x9019,0x9019,0x9019,0x9019,0x9019,0x9019,0x9019,0x9019,0x9019,0x9019,0x9019,0x906A,0x907A,0x9087,
    0x901B,0x901E,0x901B,0x901B,0x901B,0x901E,0x901B,0x9086,0x901B,0x901B,0x901B,0x9204,0x9212,0x9212,0x9212,0x9212,
    0x9212,0x9212,0x9212,0x9212,0x9212,0x9212,0x9212,0x9212,0x9212,0x9212,0x9212,0x9212,0x9212,0x9212,0x9212,0x9212,
    0x9212,0x9412,0x9412,0x9412,0x9412,0x944E,0x9458,0x9412,0x9412,0x9412,0x9412,0x9412,0x9412,0x9412,0x9412,0x9412,
    0x9412,0x9412,0x9412,0x9412,0x9412,0x9412,0x9412,0x9412,0x9412,0x9412,0x9412,0x9611,0x9611,0x9611,0x9611,0x9611,
    0x9611,0x9611,0x9611,0x9611,0x9611,0x9611,0x9611,0x9611,0x9611,0x9611,0x9611,0x9611,0x9611,0x9611,0x9611,0x9611,
    0x9611,0x9611,0x9611,0x9611,0x9611,0x9807,0x9807,0x9807,0x9807,0x9807,0x9807,0x9807,0x9807,0x9807,0x9879,0x987F,
    0x0000,0x0000,0x0000,0x0000,0x0000,0x0000,0x0000,0x0000,0x0000,0x0000,0x0000,0x0000,0x0000,0x0000,0x0000,0x0000,
    0x0000,0x0000,0x0000,0x0000,0x0000,0x0000,0x0000,0x0000,0x0000,0x0000,0x0000,0x0000,0x0000,0x0000,0x0000,0x0000,
    0x0000,0x0000,0x0000,0x0000,0x0000,0x0000,0x0000,0x0000,0x0000,0x0000,0x0000,0x0000,0x0000,0x0000,0x0000,0x0000,
    0x0000,0x0000,0x0000,0x0000,0x0000,0x0000,0x0000,0x0000,0x0000,0x0000,0x0000,0x0000,0x0000,0x0000,0x0000,0x0000,
    0x0000,0x0000,0x0000,0x0000,0x0000,0x0000,0x0000,0x0000,0x0000,0x0000,0x0000,0x0000,0x0000,0x0000,0x0000,0x0000,
    0x0000,0x0000,0x0000,0x0000,0x0000,0x0000,0x0000,0x0000,0x0000,0x0000,0x0000,0x0000,0x0000,0x0000,0x0000,0x0000,
    0x0000,0x0000,0x0000,0x0000,0x0000,0x0000,0x0000,0x0000,0x0000,0x0000,0x0000,0x0000,0x0000,0x0000,0x0000,0x0000,
    0x0000,0x0000,0x0000,0x0000,0x0000,0x0000,0x0000,0x0000,0x0000,0x0000,0x0000,0x0000,0x0000,0x0000,0x0000,0x0000,
    0x0000,0x0000,0x0000,0x0000,0x0000,0x0000,0x0000,0x0000,0x0000,0x0000,0x0000,0x0000,0x0000,0x0000,0x0000,0x0000,
    0x0000,0x0000,0x0000,0x0000,0x0000,0x0000,0x0000,0x0000,0x0000,0x0000,0x0000,0x0000,0x0000,0x0000,0x0000,0x0000,
    0x0000,0x0000,0x0000,0x0000,0x0000,0x0000,0x0000,0x0000,0x0000,0x0000,0x0000,0x0000,0x0000,0x0000,0x0000,0x0000,
    0x0000,0x0000,0x0000,0x0000,0x0000,0x0000,0x0000,0x0000,0x0000,0x0000,0x0000,0x0000,0x0000,0x0000,0x0000,0x0000,
    0x9019,0x9019,0x9019,0x9019,0x9019,0x9019,0x9019,0x9019,0x9019,0x9019,0x9019,0x9019,0x9019,0x9019,0x9019,0x9019,
    0x9019,0x9019,0x9019,0x9019,0x9019,0x9019,0x9019,0x9019,0x9019,0x9019,0x9019,0x9019,0x9019,0x9019,0x901F,0x9020,
    0x9021,0x901D,0x901D,0x901D,0x9058,0x901D,0x901D,0x90A1,0x901C,0x901D,0x9205,0x9205,0x9213,0x9205,0x9205,0x9205,
    0x9206,0x9205,0x9205,0x9205,0x9213,0x9205,0x9205,0x9205,0x9206,0x9205,0x9205,0x9205,0x9205,0x9205,0x9289,0x928F,
    0x9295,0x9413,0x9415,0x9415,0x943D,0x9415,0x9415,0x9415,0x9424,0x9415,0x9415,0x9415,0x943D,0x9415,0x9415,0x9415,
    0x9424,0x9415,0x9415,0x9415,0x943D,0x9415,0x9415,0x9415,0x9424,0x9415,0x9415,0x9612,0x9625,0x9612,0x9612,0x9612,
    0x965B,0x9612,0x9612,0x9612,0x9625,0x9612,0x9612,0x9612,0x965B,0x9612,0x9612,0x9612,0x9625,0x9612,0x9612,0x9612,
    0x965B,0x96EA,0x96F7,0x9705,0x9711,0x9808,0x9808,0x9808,0x9832,0x9808,0x9808,0x9808,0x9818,0x9808,0x9808,0x9808,
    0x0000,0x0000,0x0000,0x0000,0x0000,0x0000,0x0000,0x0000,0x0000,0x0000,0x0000,0x0000,0x0000,0x0000,0x0000,0x0000,
    0x0000,0x0000,0x0000,0x0000,0x0000,0x0000,0x0000,0x0000,0x0000,0x0000,0x0000,0x0000,0x0000,0x0000,0x0000,0x0000,
    0x0000,0x0000,0x0000,0x0000,0x0000,0x0000,0x0000,0x0000,0x0000,0x0000,0x0000,0x0000,0x0000,0x0000,0x0000,0x0000,
    0x0000,0x0000,0x0000,0x0000,0x0000,0x0000,0x0000,0x0000,0x0000,0x0000,0x0000,0x0000,0x0000,0x0000,0x0000,0x0000,
    0x0000,0x0000,0x0000,0x0000,0x0000,0x0000,0x0000,0x0000,0x0000,0x0000,0x0000,0x0000,0x0000,0x0000,0x0000,0x0000,
    0x0000,0x0000,0x0000,0x0000,0x0000,0x0000,0x0000,0x0000,0x0000,0x0000,0x0000,0x0000,0x0000,0x0000,0x0000,0x0000,
    0x0000,0x0000,0x0000,0x0000,0x0000,0x0000,0x0000,0x0000,0x0000,0x0000,0x0000,0x0000,0x0000,0x0000,0x0000,0x0000,
    0x0000,0x0000,0x0000,0x0000,0x0000,0x0000,0x0000,0x0000,0x0000,0x0000,0x0000,0x0000,0x0000,0x0000,0x0000,0x0000,
    0x0000,0x0000,0x0000,0x0000,0x0000,0x0000,0x0000,0x0000,0x0000,0x0000,0x0000,0x0000,0x0000,0x0000,0x0000,0x0000,
    0x0000,0x0000,0x0000,0x0000,0x0000,0x0000,0x0000,0x0000,0x0000,0x0000,0x0000,0x0000,0x0000,0x0000,0x0000,0x0000,
    0x0000,0x0000,0x0000,0x0000,0x0000,0x0000,0x0000,0x0000,0x0000,0x0000,0x0000,0x0000,0x0000,0x0000,0x0000,0x0000,
    0x0000,0x0000,0x0000,0x0000,0x0000,0x0000,0x0000,0x0000,0x0000,0x0000,0x0000,0x0000,0x0000,0x0000,0x0000,0x0000,
    0x9019,0x9019,0x9019,0x9019,0x9019,0x9019,0x9019,0x9019,0x9019,0x9019,0x9019,0x9019,0x9019,0x9019,0x9019,0x9019,
    0x9019,0x9019,0x9019,0x9019,0x9019,0x9019,0x9019,0x9019,0x9019,0x9019,0x9019,0x9019,0x9019,0x9019,0x9019,0x903B,
    0x90A8,0x9021,0x90A9,0x90AA,0x90AB,0x9058,0x9058,0x901D,0x901D,0x9206,0x9213,0x9205,0x9205,0x9213,0x9213,0x9205,
    0x9205,0x9206,0x9213,0x9205,0x9205,0x9213,0x9213,0x9205,0x9205,0x9206,0x9205,0x9205,0x927E,0x9284,0x928A,0x9290,
    0x9296,0x9414,0x9415,0x9415,0x9415,0x943D,0x943D,0x9415,0x9415,0x9424,0x943D,0x9415,0x9415,0x943D,0x943D,0x9415,
    0x9415,0x9424,0x943D,0x9415,0x9415,0x943D,0x943D,0x9415,0x9415,0x9424,0x943D,0x9612,0x9612,0x9625,0x9625,0x9612,
    0x9612,0x965B,0x9625,0x9612,0x9612,0x9625,0x9625,0x9612,0x9612,0x965B,0x9625,0x9612,0x9612,0x9625,0x9625,0x9612,
    0x96DA,0x96EB,0x96F8,0x9706,0x9712,0x9809,0x9818,0x9808,0x9808,0x9832,0x9818,0x9808,0x9808,0x9818,0x9818,0x9808,
    0x0000,0x0000,0x0000,0x0000,0x0000,0x0000,0x0000,0x0000,0x0000,0x0000,0x0000,0x0000,0x0000,0x0000,0x0000,0x0000,
    0x0000,0x0000,0x0000,0x0000,0x0000,0x0000,0x0000,0x0000,0x0000,0x0000,0x0000,0x0000,0x0000,0x0000,0x0000,0x0000,
    0x0000,0x0000,0x0000,0x0000,0x0000,0x0000,0x0000,0x0000,0x0000,0x0000,0x0000,0x0000,0x0000,0x0000,0x0000,0x0000,
    0x0000,0x0000,0x0000,0x0000,0x0000,0x0000,0x0000,0x0000,0x0000,0x0000,0x0000,0x0000,0x0000,0x0000,0x0000,0x0000,
    0x0000,0x0000,0x0000,0x0000,0x0000,0x0000,0x0000,0x0000,0x0000,0x0000,0x0000,0x0000,0x0000,0x0000,0x0000,0x0000,
    0x0000,0x0000,0x0000,0x0000,0x0000,0x0000,0x0000,0x0000,0x0000,0x0000,0x0000,0x0000,0x0000,0x0000,0x0000,0x0000,
    0x0000,0x0000,0x0000,0x0000,0x0000,0x0000,0x0000,0x0000,0x0000,0x0000,0x0000,0x0000,0x0000,0x0000,0x0000,0x0000,
    0x0000,0x0000,0x0000,0x0000,0x0000,0x0000,0x0000,0x0000,0x0000,0x0000,0x0000,0x0000,0x0000,0x0000,0x0000,0x0000,
    0x0000,0x0000,0x0000,0x0000,0x0000,0x0000,0x0000,0x0000,0x0000,0x0000,0x0000,0x0000,0x0000,0x0000,0x0000,0x0000,
    0x0000,0x0000,0x0000,0x0000,0x0000,0x0000,0x0000,0x0000,0x0000,0x0000,0x0000,0x0000,0x0000,0x0000,0x0000,0x0000,
    0x0000,0x0000,0x0000,0x0000,0x0000,0x0000,0x0000,0x0000,0x0000,0x0000,0x0000,0x0000,0x0000,0x0000,0x0000,0x0000,
    0x0000,0x0000,0x0000,0x0000,0x0000,0x0000,0x0000,0x0000,0x0000,0x0000,0x0000,0x0000,0x0000,0x0000,0x0000,0x0000,
    0x9203,0x9203,0x9203,0x9203,0x9203,0x9203,0x9203,0x9203,0x9203,0x9203,0x9203,0x9203,0x9203,0x9203,0x9203,0x9203,
    0x9203,0x9203,0x9203,0x9203,0x9203,0x9203,0x9203,0x9203,0x9203,0x9203,0x9203,0x9203,0x9203,0x9203,0x9203,0x9203,
    0x9207,0x9208,0x9209,0x920A,0x920B,0x920C,0x9205,0x9205,0x9205,0x9213,0x921E,0x9205,0x9205,0x9213,0x9205,0x9205,
    0x9205,0x9213,0x921E,0x9205,0x9205,0x9213,0x9205,0x9205,0x9269,0x9270,0x921E,0x9278,0x927F,0x9285,0x928B,0x9291,
    0x9205,0x9415,0x9424,0x9415,0x9415,0x943D,0x9415,0x9415,0x9415,0x943D,0x9471,0x9415,0x9415,0x943D,0x9415,0x9415,
    0x9415,0x943D,0x9471,0x9415,0x9415,0x943D,0x9415,0x9415,0x9415,0x943D,0x9471,0x9612,0x9612,0x9625,0x9612,0x9612,
    0x9612,0x9625,0x966F,0x9612,0x9612,0x9625,0x9612,0x9612,0x9612,0x9625,0x966F,0x9612,0x9612,0x9625,0x9612,0x9612,
    0x96DB,0x96EC,0x96F9,0x9707,0x9713,0x980A,0x9808,0x9808,0x9808,0x9818,0x9849,0x9808,0x9808,0x9818,0x9808,0x9808,
    0x0000,0x0000,0x0000,0x0000,0x0000,0x0000,0x0000,0x0000,0x0000,0x0000,0x0000,0x0000,0x0000,0x0000,0x0000,0x0000,
    0x0000,0x0000,0x0000,0x0000,0x0000,0x0000,0x0000,0x0000,0x0000,0x0000,0x0000,0x0000,0x0000,0x0000,0x0000,0x0000,
    0x0000,0x0000,0x0000,0x0000,0x0000,0x0000,0x0000,0x0000,0x0000,0x0000,0x0000,0x0000,0x0000,0x0000,0x0000,0x0000,
    0x0000,0x0000,0x0000,0x0000,0x0000,0x0000,0x0000,0x0000,0x0000,0x0000,0x0000,0x0000,0x0000,0x0000,0x0000,0x0000,
    0x0000,0x0000,0x0000,0x0000,0x0000,0x0000,0x0000,0x0000,0x0000,0x0000,0x0000,0x0000,0x0000,0x0000,0x0000,0x0000,
    0x0000,0x0000,0x0000,0x0000,0x0000,0x0000,0x0000,0x0000,0x0000,0x0000,0x0000,0x0000,0x0000,0x0000,0x0000,0x0000,
    0x0000,0x0000,0x0000,0x0000,0x0000,0x0000,0x0000,0x0000,0x0000,0x0000,0x0000,0x0000,0x0000,0x0000,0x0000,0x0000,
    0x0000,0x0000,0x0000,0x0000,0x0000,0x0000,0x0000,0x0000,0x0000,0x0000,0x0000,0x0000,0x0000,0x0000,0x0000,0x0000,
    0x0000,0x0000,0x0000,0x0000,0x0000,0x0000,0x0000,0x0000,0x0000,0x0000,0x0000,0x0000,0x0000,0x0000,0x0000,0x0000,
    0x0000,0x0000,0x0000,0x0000,0x0000,0x0000,0x0000,0x0000,0x0000,0x0000,0x0000,0x0000,0x0000,0x0000,0x0000,0x0000,
    0x0000,0x0000,0x0000,0x0000,0x0000,0x0000,0x0000,0x0000,0x0000,0x0000,0x0000,0x0000,0x0000,0x0000,0x0000,0x0000,
    0x0000,0x0000,0x0000,0x0000,0x0000,0x0000,0x0000,0x0000,0x0000,0x0000,0x0000,0x0000,0x0000,0x0000,0x0000,0x0000,
    0x9203,0x9203,0x9203,0x9203,0x9203,0x9203,0x9203,0x9203,0x9203,0x9203,0x9203,0x9203,0x9203,0x9203,0x9203,0x9203,
    0x9203,0x9203,0x9203,0x9203,0x9203,0x9203,0x9203,0x9203,0x9203,0x9203,0x9203,0x9203,0x9203,0x9203,0x9203,0x9203,
    0x9203,0x9214,0x9215,0x9216,0x9217,0x9218,0x9219,0x9219,0x9219,0x921F,0x9219,0x9226,0x9219,0x921F,0x9219,0x9219,
    0x9219,0x921F,0x9219,0x9226,0x9219,0x921F,0x9219,0x9219,0x926A,0x9271,0x9274,0x9279,0x9280,0x9286,0x9219,0x9219,
    0x9219,0x9416,0x9416,0x942D,0x9416,0x944F,0x9416,0x9416,0x9416,0x944F,0x9416,0x942D,0x9416,0x944F,0x9416,0x9416,
    0x9416,0x944F,0x9416,0x942D,0x9416,0x944F,0x9416,0x9416,0x9416,0x944F,0x9416,0x9613,0x9626,0x9637,0x9626,0x9626,
    0x9626,0x9637,0x9626,0x9613,0x9626,0x9637,0x9626,0x9626,0x9626,0x9637,0x9626,0x9613,0x9626,0x9637,0x9626,0x9626,
    0x9626,0x9637,0x9626,0x9708,0x9626,0x980B,0x9819,0x9819,0x9819,0x980B,0x9819,0x9853,0x9819,0x980B,0x9819,0x9819,
    0x0000,0x0000,0x0000,0x0000,0x0000,0x0000,0x0000,0x0000,0x0000,0x0000,0x0000,0x0000,0x0000,0x0000,0x0000,0x0000,
    0x0000,0x0000,0x0000,0x0000,0x0000,0x0000,0x0000,0x0000,0x0000,0x0000,0x0000,0x0000,0x0000,0x0000,0x0000,0x0000,
    0x0000,0x0000,0x0000,0x0000,0x0000,0x0000,0x0000,0x0000,0x0000,0x0000,0x0000,0x0000,0x0000,0x0000,0x0000,0x0000,
    0x0000,0x0000,0x0000,0x0000,0x0000,0x0000,0x0000,0x0000,0x0000,0x0000,0x0000,0x0000,0x0000,0x0000,0x0000,0x0000,
    0x0000,0x0000,0x0000,0x0000,0x0000,0x0000,0x0000,0x0000,0x0000,0x0000,0x0000,0x0000,0x0000,0x0000,0x0000,0x0000,
    0x0000,0x0000,0x0000,0x0000,0x0000,0x0000,0x0000,0x0000,0x0000,0x0000,0x0000,0x0000,0x0000,0x0000,0x0000,0x0000,
    0x0000,0x0000,0x0000,0x0000,0x0000,0x0000,0x0000,0x0000,0x0000,0x0000,0x0000,0x0000,0x0000,0x0000,0x0000,0x0000,
    0x0000,0x0000,0x0000,0x0000,0x0000,0x0000,0x0000,0x0000,0x0000,0x0000,0x0000,0x0000,0x0000,0x0000,0x0000,0x0000,
    0x0000,0x0000,0x0000,0x0000,0x0000,0x0000,0x0000,0x0000,0x0000,0x0000,0x0000,0x0000,0x0000,0x0000,0x0000,0x0000,
    0x0000,0x0000,0x0000,0x0000,0x0000,0x0000,0x0000,0x0000,0x0000,0x0000,0x0000,0x0000,0x0000,0x0000,0x0000,0x0000,
    0x0000,0x0000,0x0000,0x0000,0x0000,0x0000,0x0000,0x0000,0x0000,0x0000,0x0000,0x0000,0x0000,0x0000,0x0000,0x0000,
    0x0000,0x0000,0x0000,0x0000,0x0000,0x0000,0x0000,0x0000,0x0000,0x0000,0x0000,0x0000,0x0000,0x0000,0x0000,0x0000,
    0x0000,0x0000,0x0000,0x0000,0x0000,0x0000,0x0000,0x0000,0x0000,0x0000,0x0000,0x0000,0x9203,0x9203,0x9203,0x9203,
    0x9203,0x9203,0x9203,0x9203,0x9203,0x9203,0x9203,0x9203,0x9203,0x9203,0x9203,0x9203,0x9203,0x9203,0x9203,0x9203,
    0x9203,0x9203,0x9243,0x9244,0x9245,0x9246,0x9247,0x9248,0x9245,0x9246,0x9247,0x9248,0x9245,0x9246,0x9247,0x9248,
    0x9245,0x9246,0x9247,0x9248,0x9245,0x9246,0x9247,0x9248,0x9272,0x9275,0x927A,0x9281,0x9287,0x928C,0x9247,0x9248,
    0x9417,0x9425,0x942E,0x943E,0x9417,0x9425,0x942E,0x943E,0x9417,0x9425,0x942E,0x943E,0x9417,0x9425,0x942E,0x943E,
    0x9417,0x9425,0x942E,0x943E,0x9417,0x9425,0x942E,0x943E,0x9417,0x9425,0x9614,0x9627,0x9638,0x9645,0x9614,0x9627,
    0x9638,0x9645,0x9614,0x9627,0x9638,0x9645,0x9614,0x9627,0x9638,0x9645,0x9614,0x9627,0x9638,0x9645,0x9614,0x9627,
    0x9638,0x9645,0x9614,0x9627,0x980C,0x981A,0x9828,0x9833,0x980C,0x981A,0x9828,0x9833,0x980C,0x981A,0x9828,0x9833,
    0x0000,0x0000,0x0000,0x0000,0x0000,0x0000,0x0000,0x0000,0x0000,0x0000,0x0000,0x0000,0x0000,0x0000,0x0000,0x0000,
    0x0000,0x0000,0x0000,0x0000,0x0000,0x0000,0x0000,0x0000,0x0000,0x0000,0x0000,0x0000,0x0000,0x0000,0x0000,0x0000,
    0x0000,0x0000,0x0000,0x0000,0x0000,0x0000,0x0000,0x0000,0x0000,0x0000,0x0000,0x0000,0x0000,0x0000,0x0000,0x0000,
    0x0000,0x0000,0x0000,0x0000,0x0000,0x0000,0x0000,0x0000,0x0000,0x0000,0x0000,0x0000,0x0000,0x0000,0x0000,0x0000,
    0x0000,0x0000,0x0000,0x0000,0x0000,0x0000,0x0000,0x0000,0x0000,0x0000,0x0000,0x0000,0x0000,0x0000,0x0000,0x0000,
    0x0000,0x0000,0x0000,0x0000,0x0000,0x0000,0x0000,0x0000,0x0000,0x0000,0x0000,0x0000,0x0000,0x0000,0x0000,0x0000,
    0x0000,0x0000,0x0000,0x0000,0x0000,0x0000,0x0000,0x0000,0x0000,0x0000,0x0000,0x0000,0x0000,0x0000,0x0000,0x0000,
    0x0000,0x0000,0x0000,0x0000,0x0000,0x0000,0x0000,0x0000,0x0000,0x0000,0x0000,0x0000,0x0000,0x0000,0x0000,0x0000,
    0x0000,0x0000,0x0000,0x0000,0x0000,0x0000,0x0000,0x0000,0x0000,0x0000,0x0000,0x0000,0x0000,0x0000,0x0000,0x0000,
    0x0000,0x0000,0x0000,0x0000,0x0000,0x0000,0x0000,0x0000,0x0000,0x0000,0x0000,0x0000,0x0000,0x0000,0x0000,0x0000,
    0x0000,0x0000,0x0000,0x0000,0x0000,0x0000,0x0000,0x0000,0x0000,0x0000,0x0000,0x0000,0x0000,0x0000,0x0000,0x0000,
    0x0000,0x0000,0x0000,0x0000,0x0000,0x0000,0x0000,0x0000,0x0000,0x0000,0x0000,0x0000,0x0000,0x0000,0x0000,0x0000,
    0x0000,0x0000,0x0000,0x0000,0x0000,0x0000,0x0000,0x0000,0x0000,0x0000,0x0000,0x0000,0x9203,0x9203,0x9203,0x9203,
    0x9203,0x9203,0x9203,0x9203,0x9203,0x9203,0x9203,0x9203,0x9203,0x9203,0x9203,0x9203,0x9203,0x9203,0x9203,0x9203,
    0x9203,0x9203,0x9203,0x9253,0x9254,0x9255,0x9256,0x9257,0x9258,0x9259,0x925A,0x925B,0x925C,0x925D,0x925E,0x925B,
    0x925C,0x925D,0x925E,0x925B,0x925C,0x925D,0x925E,0x925B,0x925C,0x927B,0x9282,0x9288,0x928D,0x925D,0x925E,0x9418,
    0x9426,0x942F,0x943F,0x9418,0x9426,0x942F,0x943F,0x9418,0x9426,0x942F,0x943F,0x9418,0x9426,0x942F,0x943F,0x9418,
    0x9426,0x942F,0x943F,0x9418,0x9426,0x942F,0x943F,0x9418,0x9426,0x9615,0x9628,0x9639,0x9646,0x9615,0x9628,0x9639,
    0x9646,0x9615,0x9628,0x9639,0x9646,0x9615,0x9628,0x9639,0x9646,0x9615,0x9628,0x9639,0x9646,0x9615,0x9628,0x9639,
    0x9646,0x9615,0x9628,0x980D,0x981B,0x9829,0x9834,0x980D,0x981B,0x9829,0x9834,0x980D,0x981B,0x9829,0x9834,0x980D,
    0x0000,0x0000,0x0000,0x0000,0x0000,0x0000,0x0000,0x0000,0x0000,0x0000,0x0000,0x0000,0x0000,0x0000,0x0000,0x0000,
    0x0000,0x0000,0x0000,0x0000,0x0000,0x0000,0x0000,0x0000,0x0000,0x0000,0x0000,0x0000,0x0000,0x0000,0x0000,0x0000,
    0x0000,0x0000,0x0000,0x0000,0x0000,0x0000,0x0000,0x0000,0x0000,0x0000,0x0000,0x0000,0x0000,0x0000,0x0000,0x0000,
    0x0000,0x0000,0x0000,0x0000,0x0000,0x0000,0x0000,0x0000,0x0000,0x0000,0x0000,0x0000,0x0000,0x0000,0x0000,0x0000,
    0x0000,0x0000,0x0000,0x0000,0x0000,0x0000,0x0000,0x0000,0x0000,0x0000,0x0000,0x0000,0x0000,0x0000,0x0000,0x0000,
    0x0000,0x0000,0x0000,0x0000,0x0000,0x0000,0x0000,0x0000,0x0000,0x0000,0x0000,0x0000,0x0000,0x0000,0x0000,0x0000,
    0x0000,0x0000,0x0000,0x0000,0x0000,0x0000,0x0000,0x0000,0x0000,0x0000,0x0000,0x0000,0x0000,0x0000,0x0000,0x0000,
    0x0000,0x0000,0x0000,0x0000,0x0000,0x0000,0x0000,0x0000,0x0000,0x0000,0x0000,0x0000,0x0000,0x0000,0x0000,0x0000,
    0x0000,0x0000,0x0000,0x0000,0x0000,0x0000,0x0000,0x0000,0x0000,0x0000,0x0000,0x0000,0x0000,0x0000,0x0000,0x0000,
    0x0000,0x0000,0x0000,0x0000,0x0000,0x0000,0x0000,0x0000,0x0000,0x0000,0x0000,0x0000,0x0000,0x0000,0x0000,0x0000,
    0x0000,0x0000,0x0000,0x0000,0x0000,0x0000,0x0000,0x0000,0x0000,0x0000,0x0000,0x0000,0x0000,0x0000,0x0000,0x0000,
    0x0000,0x0000,0x0000,0x0000,0x0000,0x0000,0x0000,0x0000,0x0000,0x0000,0x0000,0x0000,0x0000,0x0000,0x0000,0x0000,
    0x0000,0x0000,0x0000,0x0000,0x0000,0x0000,0x0000,0x0000,0x0000,0x0000,0x0000,0x0000,0x9203,0x9203,0x9203,0x9203,
    0x9203,0x9203,0x9203,0x9203,0x9203,0x9203,0x9203,0x9203,0x9203,0x9203,0x9203,0x9203,0x9203,0x9203,0x9203,0x9203,
    0x9203,0x9203,0x9203,0x9203,0x9203,0x9203,0x9203,0x9203,0x9203,0x9203,0x9203,0x9203,0x9203,0x9203,0x9203,0x9203,
    0x9203,0x9203,0x9203,0x9203,0x9203,0x9203,0x9203,0x9203,0x9203,0x9203,0x9203,0x9203,0x9203,0x9203,0x9419,0x9419,
    0x9419,0x9419,0x9419,0x9419,0x9419,0x9419,0x9419,0x9419,0x9419,0x9419,0x9419,0x9419,0x9419,0x9419,0x9419,0x9419,
    0x9419,0x9419,0x9419,0x9419,0x9419,0x9419,0x9419,0x9419,0x9610,0x9610,0x9610,0x9610,0x9610,0x9610,0x9610,0x9610,
    0x9610,0x9610,0x9610,0x9610,0x9610,0x9610,0x9610,0x9610,0x9610,0x9610,0x9610,0x9610,0x9610,0x9610,0x9610,0x9610,
    0x9610,0x9610,0x9806,0x9806,0x9806,0x9806,0x9806,0x9806,0x9806,0x9806,0x9806,0x9806,0x9806,0x9806,0x9806,0x9806,
    0x0000,0x0000,0x0000,0x0000,0x0000,0x0000,0x0000,0x0000,0x0000,0x0000,0x0000,0x0000,0x0000,0x0000,0x0000,0x0000,
    0x0000,0x0000,0x0000,0x0000,0x0000,0x0000,0x0000,0x0000,0x0000,0x0000,0x0000,0x0000,0x0000,0x0000,0x0000,0x0000,
    0x0000,0x0000,0x0000,0x0000,0x0000,0x0000,0x0000,0x0000,0x0000,0x0000,0x0000,0x0000,0x0000,0x0000,0x0000,0x0000,
    0x0000,0x0000,0x0000,0x0000,0x0000,0x0000,0x0000,0x0000,0x0000,0x0000,0x0000,0x0000,0x0000,0x0000,0x0000,0x0000,
    0x0000,0x0000,0x0000,0x0000,0x0000,0x0000,0x0000,0x0000,0x0000,0x0000,0x0000,0x0000,0x0000,0x0000,0x0000,0x0000,
    0x0000,0x0000,0x0000,0x0000,0x0000,0x0000,0x0000,0x0000,0x0000,0x0000,0x0000,0x0000,0x0000,0x0000,0x0000,0x0000,
    0x0000,0x0000,0x0000,0x0000,0x0000,0x0000,0x0000,0x0000,0x0000,0x0000,0x0000,0x0000,0x0000,0x0000,0x0000,0x0000,
    0x0000,0x0000,0x0000,0x0000,0x0000,0x0000,0x0000,0x0000,0x0000,0x0000,0x0000,0x0000,0x0000,0x0000,0x0000,0x0000,
    0x0000,0x0000,0x0000,0x0000,0x0000,0x0000,0x0000,0x0000,0x0000,0x0000,0x0000,0x0000,0x0000,0x0000,0x0000,0x0000,
    0x0000,0x0000,0x0000,0x0000,0x0000,0x0000,0x0000,0x0000,0x0000,0x0000,0x0000,0x0000,0x0000,0x0000,0x0000,0x0000,
    0x0000,0x0000,0x0000,0x0000,0x0000,0x0000,0x0000,0x0000,0x0000,0x0000,0x0000,0x0000,0x0000,0x0000,0x0000,0x0000,
    0x0000,0x0000,0x0000,0x0000,0x0000,0x0000,0x0000,0x0000,0x0000,0x0000,0x0000,0x0000,0x0000,0x0000,0x0000,0x0000,
    0x0000,0x0000,0x0000,0x0000,0x0000,0x0000,0x0000,0x0000,0x0000,0x0000,0x0000,0x0000,0x9203,0x9203,0x9203,0x9203,
    0x9203,0x9203,0x9203,0x9203,0x9203,0x9203,0x9203,0x9203,0x9203,0x9203,0x9203,0x9203,0x9203,0x9203,0x9203,0x9203,
    0x9203,0x9203,0x9203,0x9203,0x9203,0x9203,0x9203,0x9203,0x9203,0x9203,0x9203,0x9203,0x9203,0x9203,0x9203,0x9203,
    0x9203,0x9203,0x9203,0x9203,0x9203,0x9203,0x9203,0x9203,0x9203,0x9203,0x9203,0x9203,0x9203,0x9419,0x9419,0x9419,
    0x9419,0x9419,0x9419,0x9419,0x9419,0x9419,0x9419,0x9419,0x9419,0x9419,0x9419,0x9419,0x9419,0x9419,0x9419,0x9419,
    0x9419,0x9419,0x9419,0x9419,0x9419,0x9419,0x9419,0x9610,0x9610,0x9610,0x9610,0x9610,0x9610,0x9610,0x9610,0x9610,
    0x9610,0x9610,0x9610,0x9610,0x9610,0x9610,0x9610,0x9610,0x9610,0x9610,0x9610,0x9610,0x9610,0x9610,0x9610,0x9610,
    0x9610,0x9806,0x9806,0x9806,0x9806,0x9806,0x9806,0x9806,0x9806,0x9806,0x9806,0x9806,0x9806,0x9806,0x9806,0x9806,
};

const u16 lvl21SecTiles[13] = {
    313,178,179,204,126,203,252,137,172,151,285,276,128
};

const u16 lvl21SecStart[13] = {
    32,242,450,658,866,1074,1282,1490,1698,1906,2114,2322,2530
};

const u16 lvl21CamFloor[LVL21_CAM_ROWS] = {
    0,1254,1254,1254,1254,1254,1254,1254,1254,1344,1344,1344,1344,1344,1344,1344,1344,1344,1344,1344,1344,1344,1344,1344,1416,1416,1416,1416,1416,1416,1416,1416,1416,1416,1416,1416,1416,1416,1416,1544,1544,1544,1544,1544,1633,1633,1633,1633,1633
};

const u16 lvl21CamCeil[LVL21_CAM_ROWS] = {
    1344,1344,1344,1344,1344,1344,1344,1344,1344,1416,1416,1416,1416,1416,1416,1416,1416,1416,1416,1416,1416,1416,1416,1416,1544,1544,1544,1544,1544,1544,1544,1544,1544,1544,1544,1544,1544,1544,1544,1633,1633,1633,1633,1633,2240,2240,2240,2240,2240
};
